iter,td_loss,critic_teacher_error,tracking_gap,mean_rho,mean_rho2,mean_rho_raw,mean_rho2_raw,mean_rho_exec,mean_rho2_exec,min_rho,max_rho,p95_rho,p99_rho,p95_rho2,p99_rho2,max_rho2,clip_fraction,mean_abs_a_diff,p95_abs_a_diff,max_abs_a_diff,delta_mean,delta_std,delta_p95,delta_p99,delta_max,w_norm,delta_theta_pi_norm,delta_w_norm,w_norm_contract,theta_pi_norm,theta_mu_norm,tracking_gap_contract,w_dot_wr_over_n,cos_w_wr,action_mean,action_var,dist_action_kl,td_loss_est
0,0.0002871205532723405,0.034748502195704876,0.0,1.0,1.0,1.0,1.0,1.0,1.0,1.0,1.0,1.0,1.0,1.0,1.0,1.0,0.0,0.0,0.0,0.0,0.0013379681579339109,0.01689172562175622,0.01711074284364626,0.04236606668698845,0.05148351832378388,1.16299033999313,0.0,0.0009389191178747761,0.10279479448294883,0.15117697294144397,0.15117697294144397,0.0,0.0009287080235111168,0.05598796547179811,0.015994819532651493,0.03250507732361374,0.0,0.00014356027663617026
1,5.1398814019859004e-05,0.03474624986129146,0.0,1.0,1.0,1.0,1.0,1.0,1.0,1.0,1.0,1.0,1.0,1.0,1.0,1.0,0.0,0.0,0.0,0.0,0.0014691442323922959,0.007017152502567365,0.015070058372042106,0.01809677363687899,0.019067429767760435,1.1629065074715326,0.0,0.0004570257778646995,0.10278738466488564,0.15117697294144397,0.15117697294144397,0.0,0.0009290725274455647,0.056013977595094896,-0.04905992331285197,0.04634711972432189,0.0,2.5699407009929502e-05
2,6.24546204614983e-05,0.03474473847014239,0.0,1.0,1.0,1.0,1.0,1.0,1.0,1.0,1.0,1.0,1.0,1.0,1.0,1.0,0.0,0.0,0.0,0.0,-0.004155981692776967,0.00672178820187017,0.0061320931474186735,0.007908136007100443,0.008554032335659595,1.1629263157115226,0.0,0.0008897557296754485,0.10278913548248818,0.15117697294144397,0.15117697294144397,0.0,0.0009300081865151767,0.05606943362417315,0.029938594790250943,0.03995458885040025,0.0,3.122731023074915e-05
3,0.0005377749474614958,0.03472543148068817,0.0,1.0,1.0,1.0,1.0,1.0,1.0,1.0,1.0,1.0,1.0,1.0,1.0,1.0,0.0,0.0,0.0,0.0,-0.003117885732735584,0.022979419836434076,0.013445927331154859,0.017906315333994095,0.018882958430873464,1.1628541831174,0.0,0.001215676138435165,0.1027827598016821,0.15117697294144397,0.15117697294144397,0.0,0.0009390063508487664,0.05661543727335986,-0.006995239238740888,0.038702763527945355,0.0,0.0002688874737307479
4,5.0665400046404366e-05,0.03472430946497136,0.0,1.0,1.0,1.0,1.0,1.0,1.0,1.0,1.0,1.0,1.0,1.0,1.0,1.0,0.0,0.0,0.0,0.0,-0.0020719074565582994,0.006809742986182554,0.007285885321911911,0.008525687234651348,0.008949753799615871,1.16284023918754,0.0,0.0004515899703118517,0.10278152732076205,0.15117697294144397,0.15117697294144397,0.0,0.0009394406816763115,0.056642303553288545,0.0018487339201670994,0.038006388000934054,0.0,2.5332700023202183e-05
5,6.610429463806056e-05,0.03472160697967265,0.0,1.0,1.0,1.0,1.0,1.0,1.0,1.0,1.0,1.0,1.0,1.0,1.0,1.0,0.0,0.0,0.0,0.0,-0.004516450676201793,0.006760618901217325,0.0045196635478336085,0.007574483526537929,0.008270419506589851,1.1627517513297432,0.0,0.0007693539526332007,0.10277370602522444,0.15117697294144397,0.15117697294144397,0.0,0.0009399880702110153,0.05667962071392715,0.0029905245596586593,0.0458886134399625,0.0,3.305214731903028e-05
6,0.00042716511288872806,0.03470560706734696,0.0,1.0,1.0,1.0,1.0,1.0,1.0,1.0,1.0,1.0,1.0,1.0,1.0,1.0,0.0,0.0,0.0,0.0,-0.008576006210507867,0.018804712982815195,0.007321224018034591,0.012548659707896323,0.013351436128510995,1.162793936935335,0.0,0.001272642430604518,0.10277743474119726,0.15117697294144397,0.15117697294144397,0.0,0.0009483712472847618,0.05718303683928626,-0.02232486007821819,0.0537724703200286,0.0,0.00021358255644436403
7,7.774589889058941e-05,0.03470150613864972,0.0,1.0,1.0,1.0,1.0,1.0,1.0,1.0,1.0,1.0,1.0,1.0,1.0,1.0,0.0,0.0,0.0,0.0,0.00025367128524224103,0.00881371373313389,0.009308051938245857,0.015674697121564447,0.018096011033727308,1.1626311204104272,0.0,0.0006159272610875941,0.1027630436575908,0.15117697294144397,0.15117697294144397,0.0,0.0009489427365288128,0.05722550820121427,0.007140207072005873,0.041183015144453536,0.0,3.8872949445294706e-05
8,6.044553394727972e-05,0.034698623108970525,0.0,1.0,1.0,1.0,1.0,1.0,1.0,1.0,1.0,1.0,1.0,1.0,1.0,1.0,0.0,0.0,0.0,0.0,0.0022891989290565575,0.007430013607691848,0.008615814203905597,0.008882206480180916,0.008935399158612255,1.1625179929978622,0.0,0.0007001666821089053,0.10275304451252046,0.15117697294144397,0.15117697294144397,0.0,0.0009493567587784545,0.05725604678303331,-0.01923002733554844,0.03942644648379915,0.0,3.022276697363986e-05
9,8.582174433209042e-05,0.03469786919505386,0.0,1.0,1.0,1.0,1.0,1.0,1.0,1.0,1.0,1.0,1.0,1.0,1.0,1.0,0.0,0.0,0.0,0.0,0.002645591487068969,0.00887820871660712,0.010855973237372533,0.02745981004857706,0.03356752236565343,1.1625347242039985,0.0,0.00040957724048622745,0.10275452335618501,0.15117697294144397,0.15117697294144397,0.0,0.0009498856725191695,0.057287121272097806,0.002580702523976422,0.039661754139604544,0.0,4.291087216604521e-05
10,0.0005682073580280028,0.03467798778007198,0.0,1.0,1.0,1.0,1.0,1.0,1.0,1.0,1.0,1.0,1.0,1.0,1.0,1.0,0.0,0.0,0.0,0.0,-0.002463232804273843,0.023709488441970905,0.009659574390552459,0.06284008692248345,0.08259270346031174,1.162449758689663,0.0,0.0012572298719313185,0.1027470133947658,0.15117697294144397,0.15117697294144397,0.0,0.0009590547257038176,0.05784432983685194,-0.026906409561517373,0.04895998353476074,0.0,0.0002841036790140014
11,0.0002911500100222802,0.03466887193983599,0.0,1.0,1.0,1.0,1.0,1.0,1.0,1.0,1.0,1.0,1.0,1.0,1.0,1.0,0.0,0.0,0.0,0.0,-0.0026032062777564553,0.016863372352460514,0.0052700864303842545,0.012340040715164683,0.015088148819917015,1.1624651558915053,0.0,0.0007770791115352808,0.10274837432799507,0.15117697294144397,0.15117697294144397,0.0,0.0009637524785726125,0.05812689971025811,-0.012321127269342369,0.029620355431560868,0.0,0.0001455750050111401
12,0.0002542391086447999,0.03466065117565069,0.0,1.0,1.0,1.0,1.0,1.0,1.0,1.0,1.0,1.0,1.0,1.0,1.0,1.0,0.0,0.0,0.0,0.0,-0.0003305562402971019,0.015941450411327086,0.009190231216453845,0.013034196789381544,0.014104163793468754,1.1624779685346298,0.0,0.0007923113083888746,0.10274950681634984,0.15117697294144397,0.15117697294144397,0.0,0.0009679792226439259,0.05838118427351041,-0.05744780206847033,0.040813321790545594,0.0,0.00012711955432239994
13,0.00028849307408391984,0.034651212466394084,0.0,1.0,1.0,1.0,1.0,1.0,1.0,1.0,1.0,1.0,1.0,1.0,1.0,1.0,0.0,0.0,0.0,0.0,-0.006210734401470547,0.015808853604177317,0.001953373151524813,0.0023675270295805077,0.0024120227753173934,1.1624863467516502,0.0,0.0010105922802136692,0.1027502473531085,0.15117697294144397,0.15117697294144397,0.0,0.0009727746673331595,0.05866998637462435,0.00416402179636355,0.04891813435994202,0.0,0.00014424653704195992
14,1.8188422859574917e-05,0.03465001479411517,0.0,1.0,1.0,1.0,1.0,1.0,1.0,1.0,1.0,1.0,1.0,1.0,1.0,1.0,0.0,0.0,0.0,0.0,-0.0037934965296725237,0.0019487962794857336,-0.0006118215930949024,0.0004527436731823208,0.0008395581591890012,1.1624474245742569,0.0,0.0005742053834438984,0.10274680708616184,0.15117697294144397,0.15117697294144397,0.0,0.000973020021110605,0.058686749091928184,-0.011006205021598511,0.03960550508157329,0.0,9.094211429787459e-06
15,0.0002534792463436462,0.03464115913974161,0.0,1.0,1.0,1.0,1.0,1.0,1.0,1.0,1.0,1.0,1.0,1.0,1.0,1.0,0.0,0.0,0.0,0.0,-0.006769231473894107,0.014410300191060824,0.0022638436595141453,0.003235864287855173,0.0034764255575187985,1.162482503275111,0.0,0.001094886283566467,0.10274990763456798,0.15117697294144397,0.15117697294144397,0.0,0.0009777664245530322,0.05897124421332874,-0.0039841909913148,0.04047763211197778,0.0,0.0001267396231718231
16,6.572702166947046e-05,0.03463880245178613,0.0,1.0,1.0,1.0,1.0,1.0,1.0,1.0,1.0,1.0,1.0,1.0,1.0,1.0,0.0,0.0,0.0,0.0,-0.001942216118828646,0.007871138305050462,0.00706194713630777,0.02005593168450697,0.024970907700008364,1.1623955240781156,0.0,0.0005579530695939776,0.10274221968706579,0.15117697294144397,0.15117697294144397,0.0,0.0009781548621872914,0.05899908616776867,-0.055018169766691744,0.04026221494406097,0.0,3.286351083473523e-05
17,3.963081594358061e-05,0.03463783159866326,0.0,1.0,1.0,1.0,1.0,1.0,1.0,1.0,1.0,1.0,1.0,1.0,1.0,1.0,0.0,0.0,0.0,0.0,0.0012759568752687088,0.0061646370530660695,0.006786042184784658,0.013272865263101582,0.015723799606712975,1.1623599687989774,0.0,0.00026607989383462997,0.10273907701469258,0.15117697294144397,0.15117697294144397,0.0,0.0009783174085515505,0.059010695445520525,0.0018176719237315477,0.0447770016835978,0.0,1.9815407971790305e-05
18,2.729433267104857e-05,0.034636867712510455,0.0,1.0,1.0,1.0,1.0,1.0,1.0,1.0,1.0,1.0,1.0,1.0,1.0,1.0,0.0,0.0,0.0,0.0,0.0004966377721052286,0.00520073875467389,0.006815204758232226,0.014852138879328094,0.01813057006252199,1.162321687021849,0.0,0.0002036679623547266,0.10273569335166716,0.15117697294144397,0.15117697294144397,0.0,0.000978451722936381,0.05902074091579919,-0.013115476008691958,0.04402354616555901,0.0,1.3647166335524285e-05
19,0.00044908361810690043,0.03462285951673292,0.0,1.0,1.0,1.0,1.0,1.0,1.0,1.0,1.0,1.0,1.0,1.0,1.0,1.0,0.0,0.0,0.0,0.0,-0.005297661339117496,0.020518732963877673,0.0038145352094027763,0.005489006077424034,0.005770856292845723,1.1622489030419134,0.0,0.0011166387022503732,0.1027292600959454,0.15117697294144397,0.15117697294144397,0.0,0.0009847949165314501,0.05940708584959704,-0.003931515919746857,0.03386240177341917,0.0,0.00022454180905345022
20,4.989100663539403e-05,0.03462115422658796,0.0,1.0,1.0,1.0,1.0,1.0,1.0,1.0,1.0,1.0,1.0,1.0,1.0,1.0,0.0,0.0,0.0,0.0,-0.0044757428825325405,0.005464314438687925,0.002995571872308466,0.011577855508671313,0.015028979954293888,1.1622014092229203,0.0,0.0007095296734864851,0.10272506219576108,0.15117697294144397,0.15117697294144397,0.0,0.0009852163232352237,0.05943493565621164,0.003733551113554466,0.04063800503900959,0.0,2.4945503317697015e-05
21,4.826065237432315e-05,0.03462003986867349,0.0,1.0,1.0,1.0,1.0,1.0,1.0,1.0,1.0,1.0,1.0,1.0,1.0,1.0,0.0,0.0,0.0,0.0,-0.003451906434508971,0.006028680978598777,0.004046377917222708,0.004826722213338065,0.0050243333713788415,1.16218676655866,0.0,0.0006098232027001802,0.10272376795486195,0.15117697294144397,0.15117697294144397,0.0,0.000985640552053127,0.05946127717507978,0.02070390729805418,0.03910374992388224,0.0,2.4130326187161575e-05
22,4.331736356554268e-05,0.034618578574904274,0.0,1.0,1.0,1.0,1.0,1.0,1.0,1.0,1.0,1.0,1.0,1.0,1.0,1.0,0.0,0.0,0.0,0.0,-0.0012208311969695964,0.006467374641541068,0.009456744958740633,0.015129379103965425,0.016584162966559353,1.1621306081233675,0.0,0.00044615984677649285,0.10271880420355993,0.15117697294144397,0.15117697294144397,0.0,0.0009858613160202106,0.05947746935548475,-0.024128698771829465,0.03591904405946758,0.0,2.165868178277134e-05
23,5.9552952530108034e-05,0.03461563421794384,0.0,1.0,1.0,1.0,1.0,1.0,1.0,1.0,1.0,1.0,1.0,1.0,1.0,1.0,0.0,0.0,0.0,0.0,-0.004559220430310948,0.006226271885963806,0.008173684938947207,0.012824039607037067,0.013690577131944551,1.1620372161787123,0.0,0.0008066660681701984,0.10271054944388817,0.15117697294144397,0.15117697294144397,0.0,0.0009864856095284922,0.05951991645244215,-0.023146283128855333,0.040748210136881,0.0,2.9776476265054017e-05
24,0.00048398904985144143,0.03459824837353982,0.0,1.0,1.0,1.0,1.0,1.0,1.0,1.0,1.0,1.0,1.0,1.0,1.0,1.0,0.0,0.0,0.0,0.0,-0.009371087541085768,0.019904064111350435,-6.603982976366756e-05,0.012840621540320493,0.018110282183512873,1.1618833035505225,0.0,0.0015853774278464816,0.10269694536100028,0.15117697294144397,0.15117697294144397,0.0,0.0009937813414379404,0.059968049518550094,0.007873068330339713,0.03283241620440436,0.0,0.00024199452492572072
25,0.0005255017982472994,0.03457764516183094,0.0,1.0,1.0,1.0,1.0,1.0,1.0,1.0,1.0,1.0,1.0,1.0,1.0,1.0,0.0,0.0,0.0,0.0,-0.006130580101359526,0.02208886112655231,0.00822701964720912,0.012821523015556053,0.014387772714264772,1.1617107952623913,0.0,0.001466889018671721,0.10268169763845672,0.15117697294144397,0.15117697294144397,0.0,0.0010025171690099663,0.060504181453469384,-0.008590559546389246,0.0456870019548815,0.0,0.0002627508991236497
26,0.0003073369157748641,0.03456512179910343,0.0,1.0,1.0,1.0,1.0,1.0,1.0,1.0,1.0,1.0,1.0,1.0,1.0,1.0,0.0,0.0,0.0,0.0,-0.006866474651940606,0.01613035776506898,0.0028247005260551208,0.011512802699495478,0.014665091060959234,1.1615999356872901,0.0,0.0010863093385338292,0.10267189894379254,0.15117697294144397,0.15117697294144397,0.0,0.001007772751778167,0.06082717238222926,0.0009082550648539314,0.03341453217327476,0.0,0.00015366845788743205
27,9.148891051315015e-05,0.03456183353814726,0.0,1.0,1.0,1.0,1.0,1.0,1.0,1.0,1.0,1.0,1.0,1.0,1.0,1.0,0.0,0.0,0.0,0.0,0.007136261164927168,0.006368884289975953,0.014525540112571936,0.015463332341347485,0.015643555766873103,1.1615648593187018,0.0,0.0012512745607166716,0.10266879860153151,0.15117697294144397,0.15117697294144397,0.0,0.0010090985690350027,0.06090903533839584,-0.01856768128649815,0.04206829832006541,0.0,4.5744455256575074e-05
28,7.239371787827378e-05,0.03456009221532534,0.0,1.0,1.0,1.0,1.0,1.0,1.0,1.0,1.0,1.0,1.0,1.0,1.0,1.0,0.0,0.0,0.0,0.0,-0.0057526466212945064,0.006269032997901885,0.003638470135992412,0.007862610458644989,0.009397972142140656,1.1615460559115751,0.0,0.0006875143222050841,0.10266713659944543,0.15117697294144397,0.15117697294144397,0.0,0.0010097985960696343,0.060952275558357916,0.03746185864875233,0.04206278340729234,0.0,3.619685893913689e-05
29,3.5868542302818594e-05,0.034559115516114534,0.0,1.0,1.0,1.0,1.0,1.0,1.0,1.0,1.0,1.0,1.0,1.0,1.0,1.0,0.0,0.0,0.0,0.0,-0.0025107415426877627,0.005437344867547069,0.00568509438279056,0.006127409301397517,0.006300214132685121,1.1615293899837063,0.0,0.0006574873924411497,0.10266566352561907,0.15117697294144397,0.15117697294144397,0.0,0.0010101357104882636,0.06097349891370152,0.02271613949589716,0.040669142052517704,0.0,1.7934271151409297e-05
30,9.721784926123026e-06,0.03455911963123061,0.0,1.0,1.0,1.0,1.0,1.0,1.0,1.0,1.0,1.0,1.0,1.0,1.0,1.0,0.0,0.0,0.0,0.0,-0.00011031181810143324,0.003116025710566294,0.003945726985887855,0.004369318907516341,0.004470456104395941,1.1615379333641633,0.0,0.00012062091095547774,0.102666418660901,0.15117697294144397,0.15117697294144397,0.0,0.0010102111796801109,0.06097760585397725,0.033207848759691724,0.03408497146834137,0.0,4.860892463061513e-06
31,8.780869805650593e-05,0.03455677897315523,0.0,1.0,1.0,1.0,1.0,1.0,1.0,1.0,1.0,1.0,1.0,1.0,1.0,1.0,0.0,0.0,0.0,0.0,-0.0010817155008990265,0.009307985261678312,0.012259440719210195,0.03112293897312555,0.03742641795172878,1.1614563573784265,0.0,0.00044580558436709564,0.10265920829431394,0.15117697294144397,0.15117697294144397,0.0,0.0010106412721977666,0.06100785141758479,0.01475280133926521,0.032188616592782916,0.0,4.390434902825297e-05
32,2.1888715423656194e-05,0.034555893093333526,0.0,1.0,1.0,1.0,1.0,1.0,1.0,1.0,1.0,1.0,1.0,1.0,1.0,1.0,0.0,0.0,0.0,0.0,-0.0017740609492305495,0.004329136538857534,0.0061041937100554475,0.008476878035420948,0.008675592995714916,1.1614321976696114,0.0,0.0003340684333278059,0.1026570728575721,0.15117697294144397,0.15117697294144397,0.0,0.0010108649921433896,0.06102262572583889,0.00926976112142115,0.04214303723135994,0.0,1.0944357711828097e-05
33,0.0003284979466125483,0.03454368814363355,0.0,1.0,1.0,1.0,1.0,1.0,1.0,1.0,1.0,1.0,1.0,1.0,1.0,1.0,0.0,0.0,0.0,0.0,0.00016985405421564908,0.018123716401798357,0.00977799100720325,0.010307698200682485,0.010381592947089525,1.1613676454475865,0.0,0.0009361720207800186,0.1026513671933303,0.15117697294144397,0.15117697294144397,0.0,0.001016381756480903,0.06135906514016743,-0.0009237430977930838,0.03158407200932155,0.0,0.00016424897330627415
34,0.00039320911932357543,0.03453032969806084,0.0,1.0,1.0,1.0,1.0,1.0,1.0,1.0,1.0,1.0,1.0,1.0,1.0,1.0,0.0,0.0,0.0,0.0,-0.0018510250298390304,0.019742918367416828,0.011483714092703124,0.016655403989819604,0.017403938749715936,1.161275935981804,0.0,0.0009985936335367264,0.10264326114518607,0.15117697294144397,0.15117697294144397,0.0,0.0010222289151967272,0.061716932266053515,0.02224015054606377,0.04398748025110616,0.0,0.00019660455966178772
35,0.0002290853256761727,0.03452276559714221,0.0,1.0,1.0,1.0,1.0,1.0,1.0,1.0,1.0,1.0,1.0,1.0,1.0,1.0,0.0,0.0,0.0,0.0,-0.005540025141774883,0.014085220875253426,0.009424950178778571,0.016252619038076673,0.017730504002198492,1.1613019047518214,0.0,0.0008413192356864755,0.10264555648185837,0.15117697294144397,0.15117697294144397,0.0,0.0010262465691317985,0.06195811205383855,-0.011351131710698696,0.030911223720809317,0.0,0.00011454266283808635
36,0.00032397070812006994,0.03451168974879452,0.0,1.0,1.0,1.0,1.0,1.0,1.0,1.0,1.0,1.0,1.0,1.0,1.0,1.0,0.0,0.0,0.0,0.0,-0.004799120836628834,0.01734759773903882,0.009708209744334891,0.015179660365725038,0.016578763630665006,1.1612737751659314,0.0,0.0011039613384133664,0.10264307015424153,0.15117697294144397,0.15117697294144397,0.0,0.001031529285914728,0.0622785567714679,-0.027115391082420347,0.03403526127382048,0.0,0.00016198535406003497
37,7.352436134809231e-06,0.034511660211481554,0.0,1.0,1.0,1.0,1.0,1.0,1.0,1.0,1.0,1.0,1.0,1.0,1.0,1.0,0.0,0.0,0.0,0.0,-0.0010053052373502716,0.002518292579222149,0.003194568766578688,0.0038864813276384214,0.0040443273322267135,1.1612832486693183,0.0,0.0002001939689829878,0.10264390750155233,0.15117697294144397,0.15117697294144397,0.0,0.0010316300028205489,0.06228412944741296,-0.003879241513440221,0.03850635274332935,0.0,3.6762180674046154e-06
38,4.324499446192029e-05,0.03451010394341084,0.0,1.0,1.0,1.0,1.0,1.0,1.0,1.0,1.0,1.0,1.0,1.0,1.0,1.0,0.0,0.0,0.0,0.0,0.0010728622807722999,0.006487985896132663,0.009097686536937278,0.010592969393605527,0.010991286306410473,1.1612516579542822,0.0,0.0005351954368683687,0.10264111525044926,0.15117697294144397,0.15117697294144397,0.0,0.0010321215331902946,0.062315500526121004,-0.016949417797327528,0.03619614293409583,0.0,2.1622497230960145e-05
39,8.305525114994338e-05,0.034509063393066336,0.0,1.0,1.0,1.0,1.0,1.0,1.0,1.0,1.0,1.0,1.0,1.0,1.0,1.0,0.0,0.0,0.0,0.0,-0.004337962648836675,0.008014819474401233,0.00891244437135092,0.014006052297213903,0.014652607602064334,1.1612645803155508,0.0,0.0006087534181439973,0.10264225743660951,0.15117697294144397,0.15117697294144397,0.0,0.0010327590442761568,0.06235329711129906,0.02047868370726592,0.0471870499867992,0.0,4.152762557497169e-05
40,5.331172633877501e-05,0.03450831927205152,0.0,1.0,1.0,1.0,1.0,1.0,1.0,1.0,1.0,1.0,1.0,1.0,1.0,1.0,0.0,0.0,0.0,0.0,-0.002393317060226797,0.006898098273292601,0.010225250548167806,0.013864290426912264,0.014565245385368788,1.1612560197508577,0.0,0.00043068969085318157,0.10264150078244134,0.15117697294144397,0.15117697294144397,0.0,0.0010330534403779053,0.062371531197873795,0.005168671810185996,0.03927011997788872,0.0,2.6655863169387506e-05
41,0.0002902376646339728,0.034499008329608574,0.0,1.0,1.0,1.0,1.0,1.0,1.0,1.0,1.0,1.0,1.0,1.0,1.0,1.0,0.0,0.0,0.0,0.0,-0.00375381244623436,0.016617657980367413,0.005141518332309974,0.0057326418424972075,0.005913219092371679,1.1612903564928834,0.0,0.0009378325700812105,0.10264453575033262,0.15117697294144397,0.15117697294144397,0.0,0.0010380204298640844,0.06266956460556948,-0.01579189630825264,0.043826048313557825,0.0,0.0001451188323169864
42,0.00024703823738520236,0.03449070965406799,0.0,1.0,1.0,1.0,1.0,1.0,1.0,1.0,1.0,1.0,1.0,1.0,1.0,1.0,0.0,0.0,0.0,0.0,-0.005048858492767655,0.01488446389041978,0.0051880910669509775,0.01405726906970339,0.017622177544545488,1.1613092299329661,0.0,0.0009476801730302602,0.10264620394251599,0.15117697294144397,0.15117697294144397,0.0,0.001042340999838012,0.06292939245663927,0.020760001789724543,0.04082701761930775,0.0,0.00012351911869260118
43,4.619718951055344e-05,0.03448937083418113,0.0,1.0,1.0,1.0,1.0,1.0,1.0,1.0,1.0,1.0,1.0,1.0,1.0,1.0,0.0,0.0,0.0,0.0,-0.001927780394453221,0.0065177336752367575,0.006849720285179913,0.013368545153765512,0.015337966973920708,1.1612732840739628,0.0,0.000408219449141843,0.10264302674743388,0.15117697294144397,0.15117697294144397,0.0,0.0010426842878143608,0.06295206637492248,-0.02770339388858671,0.033301173218404034,0.0,2.309859475527672e-05
44,0.00026777427428613246,0.0344813107913329,0.0,1.0,1.0,1.0,1.0,1.0,1.0,1.0,1.0,1.0,1.0,1.0,1.0,1.0,0.0,0.0,0.0,0.0,8.185433466653313e-05,0.016363605169828217,0.007361835096755897,0.009354820547268852,0.010150106994752588,1.1613368284033396,0.0,0.0007982205007516601,0.10264864332570992,0.15117697294144397,0.15117697294144397,0.0,0.001047290827605668,0.06322672648904408,-0.020415646995498797,0.0485460817416228,0.0,0.00013388713714306623
45,0.0003580739148285739,0.03446700140467981,0.0,1.0,1.0,1.0,1.0,1.0,1.0,1.0,1.0,1.0,1.0,1.0,1.0,1.0,0.0,0.0,0.0,0.0,-0.007324625064514379,0.0174477443382479,0.005497386672506908,0.007945696758439988,0.008543608774378894,1.1611636381988022,0.0,0.0013125012915784402,0.10263333532970198,0.15117697294144397,0.15117697294144397,0.0,0.0010528742930773329,0.06357329047241266,-0.03768344450601174,0.030860612005220656,0.0,0.00017903695741428694
46,0.00034303693877441624,0.03445561839564956,0.0,1.0,1.0,1.0,1.0,1.0,1.0,1.0,1.0,1.0,1.0,1.0,1.0,1.0,0.0,0.0,0.0,0.0,-0.008409700251311299,0.016501935657901194,0.004338698572995567,0.005940673965012492,0.006415797102083858,1.1611477936198724,0.0,0.0012558560307769496,0.10263193485355118,0.15117697294144397,0.15117697294144397,0.0,0.0010584220630347196,0.06390914079288693,0.042400063319189024,0.043054878606228364,0.0,0.00017151846938720812
47,2.331748296474592e-05,0.034455500663079376,0.0,1.0,1.0,1.0,1.0,1.0,1.0,1.0,1.0,1.0,1.0,1.0,1.0,1.0,0.0,0.0,0.0,0.0,0.0015340640551193855,0.00457866033240473,0.009159912247621135,0.011368548686776711,0.012253372917110674,1.1611762668558365,0.0,0.0003889753433247676,0.10263445155583026,0.15117697294144397,0.15117697294144397,0.0,0.0010587392265110603,0.06392672402058161,0.0015668080437861729,0.05648421598914956,0.0,1.165874148237296e-05
48,0.00023325842930729284,0.034446819755234316,0.0,1.0,1.0,1.0,1.0,1.0,1.0,1.0,1.0,1.0,1.0,1.0,1.0,1.0,0.0,0.0,0.0,0.0,-0.0036191946064690946,0.014837784865261994,0.004884022758086887,0.0065343166881101635,0.007112803547849682,1.161152459828697,0.0,0.0007437450128804328,0.10263234729203899,0.15117697294144397,0.15117697294144397,0.0,0.0010628637126874054,0.06417707647994077,-0.024573817557339582,0.0392192944164733,0.0,0.00011662921465364642
49,2.3452252124793098e-05,0.03444542628400195,0.0,1.0,1.0,1.0,1.0,1.0,1.0,1.0,1.0,1.0,1.0,1.0,1.0,1.0,0.0,0.0,0.0,0.0,-0.0014618509711251545,0.004616843495616192,0.005470371065938737,0.00741097090784492,0.008099941363374356,1.1610845345264473,0.0,0.00037563882833031376,0.10262634348680962,0.15117697294144397,0.15117697294144397,0.0,0.001062944281703056,0.0641856960868341,-0.0159669579458184,0.036743337985959315,0.0,1.1726126062396549e-05
50,0.000331729491438956,0.03443374882657143,0.0,1.0,1.0,1.0,1.0,1.0,1.0,1.0,1.0,1.0,1.0,1.0,1.0,1.0,0.0,0.0,0.0,0.0,-0.0012230503228969054,0.018172331698123323,0.00831488239655706,0.011347134273772281,0.012506573951605099,1.1610262445544715,0.0,0.0009097802083784607,0.1026211913325022,0.15117697294144397,0.15117697294144397,0.0,0.0010682542769330113,0.06450957775467728,-0.021032487445321744,0.03722260595901847,0.0,0.000165864745719478
51,0.0003413652121130482,0.03442255200591812,0.0,1.0,1.0,1.0,1.0,1.0,1.0,1.0,1.0,1.0,1.0,1.0,1.0,1.0,0.0,0.0,0.0,0.0,-0.002071164695997319,0.018359615707173794,0.008576535423854129,0.019920895040648402,0.024467172036010586,1.160972023074591,0.0,0.0008935160384613348,0.10261639878548852,0.15117697294144397,0.15117697294144397,0.0,0.0010733608818598562,0.06482098186750626,0.01465397321213409,0.041909781742525236,0.0,0.0001706826060565241
52,6.21744315896612e-05,0.034420875135378455,0.0,1.0,1.0,1.0,1.0,1.0,1.0,1.0,1.0,1.0,1.0,1.0,1.0,1.0,0.0,0.0,0.0,0.0,-0.0005596999203259787,0.00786518706636074,0.012329062059886806,0.015451155285907825,0.01667283682613586,1.1609358146915292,0.0,0.000646476800415967,0.10261319838633867,0.15117697294144397,0.15117697294144397,0.0,0.0010738709088155354,0.06485380539642159,-0.05079581115250459,0.0359116654719083,0.0,3.10872157948306e-05
53,0.0003378037638121167,0.03440926072354549,0.0,1.0,1.0,1.0,1.0,1.0,1.0,1.0,1.0,1.0,1.0,1.0,1.0,1.0,0.0,0.0,0.0,0.0,-0.007361315012560082,0.016840867112413605,0.0025962162498501216,0.006694342874192166,0.0076785017970210845,1.1609124728289888,0.0,0.0012777826341235318,0.10261113523767769,0.15117697294144397,0.15117697294144397,0.0,0.0010794664105774586,0.06519304280737039,-0.010402065224560617,0.03639522017281248,0.0,0.00016890188190605835
54,0.0002844914892036479,0.034399155687985905,0.0,1.0,1.0,1.0,1.0,1.0,1.0,1.0,1.0,1.0,1.0,1.0,1.0,1.0,0.0,0.0,0.0,0.0,-0.006817698473019899,0.015427588169724718,0.00038565905245983325,0.004409872964268355,0.005895753700280802,1.1608931116496917,0.0,0.0010009853862017052,0.1026094239350311,0.15117697294144397,0.15117697294144397,0.0,0.001084343331114231,0.06548867060037121,-0.0014374917753327068,0.048264006684539854,0.0,0.00014224574460182396
55,5.3412144243035054e-05,0.034396184419411606,0.0,1.0,1.0,1.0,1.0,1.0,1.0,1.0,1.0,1.0,1.0,1.0,1.0,1.0,0.0,0.0,0.0,0.0,0.005032038337828279,0.005300069283477476,0.013733006729977048,0.015395905861230135,0.01597493829978718,1.160805226175871,0.0,0.0008762664203969848,0.10260165588321779,0.15117697294144397,0.15117697294144397,0.0,0.0010850319202510323,0.065535219132978,0.013543643306648392,0.03956473010235468,0.0,2.6706072121517527e-05
56,6.549773602038808e-05,0.034394265473599,0.0,1.0,1.0,1.0,1.0,1.0,1.0,1.0,1.0,1.0,1.0,1.0,1.0,1.0,0.0,0.0,0.0,0.0,-0.0015332777254594998,0.007946495796072494,0.010370656891711624,0.016399182685610657,0.017944304589757445,1.1607276837558091,0.0,0.00041700536613414397,0.10259480203683588,0.15117697294144397,0.15117697294144397,0.0,0.001085288200656984,0.06555507741687354,0.0019154756833496198,0.04032165086713151,0.0,3.274886801019404e-05
57,0.00035339018190175833,0.0343833132494698,0.0,1.0,1.0,1.0,1.0,1.0,1.0,1.0,1.0,1.0,1.0,1.0,1.0,1.0,0.0,0.0,0.0,0.0,-0.000926616524719882,0.018775823915819893,0.010498518574511223,0.02341309739658868,0.027936361595360296,1.1607024661183796,0.0,0.0008925239756970547,0.10259257309153189,0.15117697294144397,0.15117697294144397,0.0,0.0010905356370034692,0.06587347146553728,-0.022348363456423805,0.034020808613756226,0.0,0.00017669509095087917
58,0.00045620069172063116,0.034367390837053154,0.0,1.0,1.0,1.0,1.0,1.0,1.0,1.0,1.0,1.0,1.0,1.0,1.0,1.0,0.0,0.0,0.0,0.0,-0.006700191197642646,0.02028073296593748,0.009663756000233628,0.01907835460355023,0.022774995604142742,1.1604493936801366,0.0,0.0011716390350092825,0.10257020443688025,0.15117697294144397,0.15117697294144397,0.0,0.001096202235552843,0.06623020104335638,0.027234591349861517,0.043191642483944276,0.0,0.00022810034586031558
59,5.943541435495766e-05,0.034366119027078354,0.0,1.0,1.0,1.0,1.0,1.0,1.0,1.0,1.0,1.0,1.0,1.0,1.0,1.0,0.0,0.0,0.0,0.0,-0.0028814336532656036,0.007150717058923959,0.008487988316210011,0.0166255524541459,0.0191925862255616,1.1604230382186138,0.0,0.0005375367116914057,0.10256787492118474,0.15117697294144397,0.15117697294144397,0.0,0.001096599204352437,0.06625568981280806,0.00042979294647996213,0.039329469614324,0.0,2.971770717747883e-05
60,0.00035166979485412526,0.03435477187102812,0.0,1.0,1.0,1.0,1.0,1.0,1.0,1.0,1.0,1.0,1.0,1.0,1.0,1.0,0.0,0.0,0.0,0.0,-0.005916580901775338,0.017795051707901063,0.0017847609056700702,0.015203414185555916,0.020581048178501003,1.1603758490990208,0.0,0.0009524341637727712,0.10256370395287694,0.15117697294144397,0.15117697294144397,0.0,0.001101844983720349,0.06657534312805702,0.03638872557768037,0.03990652665769717,0.0,0.00017583489742706263
61,0.0006887749391268328,0.03433276361644851,0.0,1.0,1.0,1.0,1.0,1.0,1.0,1.0,1.0,1.0,1.0,1.0,1.0,1.0,0.0,0.0,0.0,0.0,-0.006742670118852859,0.025363582925035683,0.006156290602179735,0.021435557909630795,0.027325041545809642,1.160344716972959,0.0,0.0017308525388534909,0.10256095223569556,0.15117697294144397,0.15117697294144397,0.0,0.0011125668884897682,0.06722498240563764,0.006590193218695447,0.037747991434773476,0.0,0.0003443874695634164
62,0.00037604926965648854,0.03432004485655553,0.0,1.0,1.0,1.0,1.0,1.0,1.0,1.0,1.0,1.0,1.0,1.0,1.0,1.0,0.0,0.0,0.0,0.0,0.0005266665684643074,0.01938483665090193,0.014547056959018985,0.015730653476003848,0.016002050575664305,1.1603467658573003,0.0,0.0015224334640547496,0.10256113333319701,0.15117697294144397,0.15117697294144397,0.0,0.0011189448419848583,0.06761024013191845,-0.0016631785560124275,0.03903280140671486,0.0,0.00018802463482824427
63,0.0006245050645968898,0.03429819648702487,0.0,1.0,1.0,1.0,1.0,1.0,1.0,1.0,1.0,1.0,1.0,1.0,1.0,1.0,0.0,0.0,0.0,0.0,-0.004601843526532536,0.02456273805491156,0.011071892305073711,0.012218013807105386,0.012308453962760561,1.1602912799561769,0.0,0.0015561229757740328,0.10255622902607893,0.15117697294144397,0.15117697294144397,0.0,0.0011293660474800552,0.06824318610752694,0.018585797253541283,0.039616686032377973,0.0,0.0003122525322984449
64,0.0002949480730936835,0.034287795471531296,0.0,1.0,1.0,1.0,1.0,1.0,1.0,1.0,1.0,1.0,1.0,1.0,1.0,1.0,0.0,0.0,0.0,0.0,-0.0034697735523328537,0.016819891337021615,0.007351870506994241,0.009705093862235973,0.01047545460793895,1.1602843841912296,0.0,0.0009914383018103502,0.10255561952080947,0.15117697294144397,0.15117697294144397,0.0,0.0011345040468505848,0.06855406279893252,0.02574516789220886,0.03403340903485541,0.0,0.00014747403654684176
65,1.7090120598620643e-05,0.034287834172360296,0.0,1.0,1.0,1.0,1.0,1.0,1.0,1.0,1.0,1.0,1.0,1.0,1.0,1.0,0.0,0.0,0.0,0.0,-0.002935698816536517,0.002910634476743299,0.0005213899992821196,0.0012694592325740882,0.0014328776093304497,1.1603159826353817,0.0,0.00036829857513308865,0.10255841245507634,0.15117697294144397,0.15117697294144397,0.0,0.0011347711314403453,0.06856833442882582,-0.0028636006645079183,0.04216906815634833,0.0,8.545060299310321e-06
66,0.00023967178821060201,0.034277449824469224,0.0,1.0,1.0,1.0,1.0,1.0,1.0,1.0,1.0,1.0,1.0,1.0,1.0,1.0,0.0,0.0,0.0,0.0,-0.00047088082235237003,0.01547417395086868,0.010528224785398818,0.011715417541719928,0.011944908197725706,1.1602071511835848,0.0,0.0007561808241820547,0.10254879302287984,0.15117697294144397,0.15117697294144397,0.0,0.001138976797957825,0.06882891683081117,0.016636151345817626,0.037333883610407056,0.0,0.00011983589410530101
67,2.6315399044403147e-05,0.03427630746857546,0.0,1.0,1.0,1.0,1.0,1.0,1.0,1.0,1.0,1.0,1.0,1.0,1.0,1.0,0.0,0.0,0.0,0.0,0.0016121833770002226,0.00486993468162842,0.0068787414336031645,0.012722261613880544,0.014728635538824138,1.1601635102348389,0.0,0.000330056185523713,0.10254493567153038,0.15117697294144397,0.15117697294144397,0.0,0.0011391524166191325,0.06884211903302763,0.028348837547203874,0.044380650691205586,0.0,1.3157699522201574e-05
68,0.00025868564122190064,0.034267772941293184,0.0,1.0,1.0,1.0,1.0,1.0,1.0,1.0,1.0,1.0,1.0,1.0,1.0,1.0,0.0,0.0,0.0,0.0,-0.004948789762113076,0.015303434944884283,0.003926513390549463,0.004478298515280694,0.004656112921708833,1.160193393376063,0.0,0.000875631831969916,0.10254757699300573,0.15117697294144397,0.15117697294144397,0.0,0.0011436905378893374,0.06911458997170562,0.05059792441654525,0.050493967438841755,0.0,0.00012934282061095032
69,7.337153863615557e-05,0.03426568813471322,0.0,1.0,1.0,1.0,1.0,1.0,1.0,1.0,1.0,1.0,1.0,1.0,1.0,1.0,0.0,0.0,0.0,0.0,-0.003371840785264896,0.007874149373423123,0.003617475232226713,0.022477329298239875,0.029702269204412594,1.160139965069092,0.0,0.0006878341235562248,0.1025428545532349,0.15117697294144397,0.15117697294144397,0.0,0.0011442486775740473,0.06915150353206373,-0.003630196561173713,0.03542355520858855,0.0,3.668576931807779e-05
70,3.0728561383998046e-05,0.03426593587473106,0.0,1.0,1.0,1.0,1.0,1.0,1.0,1.0,1.0,1.0,1.0,1.0,1.0,1.0,0.0,0.0,0.0,0.0,-0.0024009573928983233,0.004996395198689245,0.006230198825597096,0.011042660830936838,0.011784824740354534,1.160181028722919,0.0,0.00033122563688952055,0.10254648410174509,0.15117697294144397,0.15117697294144397,0.0,0.001144496998416907,0.06916406245752817,0.010704787944714123,0.02694314180581773,0.0,1.5364280691999023e-05
71,1.9650906104135032e-05,0.03426529227077082,0.0,1.0,1.0,1.0,1.0,1.0,1.0,1.0,1.0,1.0,1.0,1.0,1.0,1.0,0.0,0.0,0.0,0.0,0.0003835694701318479,0.0044163084771919854,0.0060035015795180955,0.011633245324688601,0.013161765768957735,1.1601591401128497,0.0,0.0002520809962441108,0.10254454940366874,0.15117697294144397,0.15117697294144397,0.0,0.0011446204057830324,0.06917282524442106,-0.006572748035424446,0.03491679663213486,0.0,9.825453052067516e-06
72,3.666960157447314e-05,0.03426421465300443,0.0,1.0,1.0,1.0,1.0,1.0,1.0,1.0,1.0,1.0,1.0,1.0,1.0,1.0,0.0,0.0,0.0,0.0,-0.0037499705975578357,0.004754715774042111,0.002493669146912192,0.00455642573873536,0.00533603420456982,1.160131440618159,0.0,0.00044206356513732753,0.10254210109110234,0.15117697294144397,0.15117697294144397,0.0,0.0011449081565544248,0.06919186687911122,0.022241265137152133,0.04237219245872605,0.0,1.833480078723657e-05
73,0.00018642829907821953,0.03425729203752119,0.0,1.0,1.0,1.0,1.0,1.0,1.0,1.0,1.0,1.0,1.0,1.0,1.0,1.0,0.0,0.0,0.0,0.0,-0.0017404508118460697,0.013542493494543902,0.011422022460180327,0.0154442536684139,0.015902510689396892,1.1600889714529765,0.0,0.0006515838862605436,0.10253834731176585,0.15117697294144397,0.15117697294144397,0.0,0.0011479845509212814,0.06938032682537783,0.0263702666738395,0.043412688710047,0.0,9.321414953910977e-05
74,4.675656586663295e-05,0.03425514461423913,0.0,1.0,1.0,1.0,1.0,1.0,1.0,1.0,1.0,1.0,1.0,1.0,1.0,1.0,0.0,0.0,0.0,0.0,-0.0013893706277019254,0.006695238242625285,0.008215603103974211,0.012976600478352921,0.014592938145351751,1.160005736919401,0.0,0.00038289159556127787,0.10253099034887583,0.15117697294144397,0.15117697294144397,0.0,0.001148303918808781,0.06940460801674675,-0.0006953007649887618,0.0407571457888505,0.0,2.3378282933316474e-05
75,2.224004229923397e-05,0.034254652964644555,0.0,1.0,1.0,1.0,1.0,1.0,1.0,1.0,1.0,1.0,1.0,1.0,1.0,1.0,0.0,0.0,0.0,0.0,0.0017888854266858896,0.0043634769656118065,0.00793319631321616,0.016013815046294712,0.01915282618883492,1.1599856310436931,0.0,0.00026341834470510725,0.10252921322374399,0.15117697294144397,0.15117697294144397,0.0,0.0011483675347854138,0.06940965607580382,0.017368919782218918,0.03213970323109399,0.0,1.1120021149616985e-05
76,6.364185478732134e-05,0.03425193165091518,0.0,1.0,1.0,1.0,1.0,1.0,1.0,1.0,1.0,1.0,1.0,1.0,1.0,1.0,0.0,0.0,0.0,0.0,-0.002064193808501301,0.007705904146060099,0.008487532377369347,0.02174979599737721,0.025467098495281046,1.1599184437878551,0.0,0.0005001007104243827,0.10252327465321745,0.15117697294144397,0.15117697294144397,0.0,0.0011491193323196515,0.06945911936445895,0.013951714256808412,0.03484010828588402,0.0,3.182092739366067e-05
77,3.874787237634894e-05,0.03425081672629254,0.0,1.0,1.0,1.0,1.0,1.0,1.0,1.0,1.0,1.0,1.0,1.0,1.0,1.0,0.0,0.0,0.0,0.0,-0.003082003563232184,0.0054082461494067615,0.003913199679998956,0.011659979964384865,0.014020635739166575,1.1598830006347327,0.0,0.0003954082204670341,0.10252014189147751,0.15117697294144397,0.15117697294144397,0.0,0.0011493556185457826,0.0694755247442163,0.03841639843582778,0.029129739089296253,0.0,1.937393618817447e-05
78,0.00027257179304804763,0.03423985583599203,0.0,1.0,1.0,1.0,1.0,1.0,1.0,1.0,1.0,1.0,1.0,1.0,1.0,1.0,0.0,0.0,0.0,0.0,-0.00417277873356122,0.015973719375548923,0.003613721528341846,0.006907611836067528,0.008201548490297951,1.1597814657328056,0.0,0.0008575204491558263,0.10251116738926754,0.15117697294144397,0.15117697294144397,0.0,0.0011539160367269102,0.06975729650918769,-0.0313851585175051,0.036765431154244764,0.0,0.00013628589652402382
79,0.0003553135415323131,0.03422569784949704,0.0,1.0,1.0,1.0,1.0,1.0,1.0,1.0,1.0,1.0,1.0,1.0,1.0,1.0,0.0,0.0,0.0,0.0,-0.0072956024127421555,0.017380671073566285,0.0069352393653927345,0.011462781310321413,0.01261165291581345,1.1596690593910686,0.0,0.001159577924665461,0.1025012319784562,0.15117697294144397,0.15117697294144397,0.0,0.0011599765887698415,0.07013047007992292,0.07305630726059009,0.04109536557280616,0.0,0.00017765677076615654
