iter,td_loss,critic_teacher_error,tracking_gap,mean_rho,mean_rho2,mean_rho_raw,mean_rho2_raw,mean_rho_exec,mean_rho2_exec,min_rho,max_rho,p95_rho,p99_rho,p95_rho2,p99_rho2,max_rho2,clip_fraction,mean_abs_a_diff,p95_abs_a_diff,max_abs_a_diff,delta_mean,delta_std,delta_p95,delta_p99,delta_max,w_norm,delta_theta_pi_norm,delta_w_norm,fixed_point_gap,fixed_point_drift,fixed_point_drift_defined,stability_proxy,dist_mmd2,dist_mean_l2,dist_action_kl,dist_action_tv,td_loss_from_Q,td_loss_from_Q_abs_diff,td_loss_from_Q_rel_diff
0,2.3663466935039645e-05,0.04455254749949271,4.8525160699028956e-14,0.963716823165748,4.829928360127701,0.9637168231657482,4.829928360127701,0.963716823165748,4.829928360127701,0.390693717271885,58.85648163794639,2.4106184178009986,5.977217576206757,5.81109102335053,35.727175909167606,3464.0854307979203,0.0,0.0,0.0,0.0,-0.000823649565139663,0.004794274536244757,0.0028589694185641623,0.0059184408174139036,0.016087499978511895,9.163368769499584,5.0348122134868565e-06,0.00017959107685969783,nan,nan,0.0,nan,nan,nan,nan,nan,nan,nan,nan
1,2.3098528645526085e-05,0.04455231276510059,1.313405901322081e-13,0.9971954823422783,5.427603452076815,0.9971954823422783,5.427603452076815,0.9971954823422783,5.427603452076815,0.3906251005500897,83.1202355384951,2.4718278588854132,7.2254828430051425,6.109939771942351,52.20828287474075,6908.973555974903,0.0,0.0,0.0,0.0,-0.0007020162380354692,0.00475454538805348,0.0028602504530963638,0.00581492280260961,0.0242450984136851,9.163365982630276,5.6622933101854185e-06,0.0002088465276621061,nan,nan,0.0,nan,nan,nan,nan,nan,nan,nan,nan
2,2.3204672090371163e-05,0.04455193199506332,3.0603631384654784e-12,0.9991920246257134,12.225559525851791,0.9991920246257134,12.225559525851791,0.9991920246257134,12.225559525851791,0.39076291064407775,172.44642477315108,2.3057961860798115,5.948894203402707,5.316705834528803,35.389533538747266,29737.769417042055,0.0,0.0,0.0,0.0,-0.0009210528994527833,0.004728248475575367,0.002771672420729463,0.006185818218584544,0.01706360994744041,9.163367282612866,3.86537668716466e-05,0.0004439573023530791,nan,nan,0.0,nan,nan,nan,nan,nan,nan,nan,nan
3,2.3035750621893444e-05,0.044551755449230325,3.0418770747998787e-12,0.9716875165278017,6.872633740904305,0.9716875165278017,6.872633740904305,0.9716875165278017,6.872633740904305,0.3906631733001883,112.07032911172249,2.3002869887005426,5.869660221775093,5.291327704246451,34.45341321115756,12559.758667209793,0.0,0.0,0.0,0.0,-0.0007232233967561019,0.004744754845118767,0.0027016692671195954,0.00602132626409805,0.02004875071513278,9.163365795903347,5.138567662482232e-06,0.00016002912099036783,nan,nan,0.0,nan,nan,nan,nan,nan,nan,nan,nan
4,2.3719832037958017e-05,0.04455149283145572,4.141775537862657e-12,0.9944260073791982,5.3897190345218995,0.9944260073791982,5.3897190345218995,0.9944260073791982,5.3897190345218995,0.3907174237639598,60.76349365545346,2.357615131064383,5.904390724593275,5.558349660003409,34.86287923503427,3692.2021612163326,0.0,0.0,0.0,0.0,-0.0007976441464482475,0.004804539088569773,0.002742076465059774,0.006301664382974477,0.032944459173421696,9.163363344337526,1.2303069499082044e-05,0.0002446192417280145,nan,nan,0.0,nan,nan,nan,nan,nan,nan,nan,nan
5,2.313697115129596e-05,0.044551336993292764,3.955026023894795e-12,1.005132791133115,9.615412070172592,1.005132791133115,9.615412070172592,1.005132791133115,9.615412070172592,0.3907607115032798,150.64124582148926,2.490153031008095,7.14826255847667,6.200867310414226,51.09844651877144,22692.784942650356,0.0,0.0,0.0,0.0,-0.0007290807122562882,0.00475451495594575,0.0028425141440107065,0.006010338337965523,0.021041080196079132,9.16336107870172,2.9792395459448563e-06,0.00013066272068646946,0.24632517471023452,0.0,0.0,0.999982246674424,0.02750781487590137,0.5485271821178993,0.619992741511678,0.3338472134450582,1.139181420978075e-05,1.174515694151521e-05,0.5076358899664071
6,2.5225461135676254e-05,0.0445511330779081,3.923272067642702e-12,1.0671044788298873,19.0484908920117,1.0671044788298876,19.0484908920117,1.0671044788298873,19.0484908920117,0.39071989742177426,172.78138896584542,2.4199082680272634,5.538831609569599,5.855959634501386,30.679001665700916,29853.40837296677,0.0,0.0,0.0,0.0,-0.0008170382392850878,0.004955593773829952,0.002750880587365288,0.005805146437359658,0.02714611395421749,9.163357698914837,4.1965303946803524e-06,0.00017003338022990904,nan,nan,0.0,nan,nan,nan,nan,nan,nan,nan,nan
7,2.3545177434253927e-05,0.04455098147415379,3.897746671366827e-12,0.9558042682587043,3.496507098960525,0.9558042682587043,3.496507098960525,0.9558042682587043,3.496507098960525,0.3906489823449754,48.20300012136733,2.5137037533405513,6.138764396982606,6.318706883828731,37.68489370299281,2323.529220700539,0.0,0.0,0.0,0.0,-0.000684601666415666,0.004803800369769212,0.002844334648497779,0.005326961817511585,0.015254660668771465,9.163355999107463,2.587921119819755e-06,0.00013458244818725956,nan,nan,0.0,nan,nan,nan,nan,nan,nan,nan,nan
8,2.30334216128649e-05,0.04455076282613726,5.6614252019094456e-12,1.1025046058637693,42.382017901244325,1.1025046058637693,42.382017901244325,1.1025046058637693,42.382017901244325,0.390652525813702,323.7126156714688,2.5294940684126495,7.002662164626795,6.3983456977207895,49.0372922572909,104789.85754486408,0.0,0.0,0.0,0.0,-0.0006109947100206924,0.004760263341159986,0.002844190750905754,0.005813650194695578,0.02789519298575415,9.163349850550997,2.0196375633291014e-05,0.0001867922711044215,nan,nan,0.0,nan,nan,nan,nan,nan,nan,nan,nan
9,2.4191637102383785e-05,0.0445505959163205,5.666162140080715e-12,0.9460390332042011,4.1605541575763185,0.9460390332042011,4.160554157576322,0.9460390332042011,4.1605541575763185,0.39064666373372564,70.72680855796705,2.294514624849336,5.704323368328031,5.264801553137856,32.539742395990366,5002.281448795321,0.0,0.0,0.0,0.0,-0.0008849971377434585,0.0048382245884797115,0.0026576845514770433,0.007351864188483158,0.025602386254691266,9.163347262828772,1.7633849813012811e-06,0.00013661165240778282,0.38659993874232507,0.17905165873854378,1.0,0.9999820091721481,0.021345278418095415,0.4601686502251821,0.6199927415132791,0.33385303758516743,1.2356772957459057e-05,1.1834864144924727e-05,0.4892130323730158
10,2.2647597442326702e-05,0.044550429520491985,5.602003447467167e-12,0.9421075235042582,3.292105763757961,0.9421075235042582,3.292105763757961,0.9421075235042582,3.292105763757961,0.3906480154307911,53.80713495380514,2.311229901405608,6.050508052218726,5.341784505540925,36.608767044799905,2895.2077719369986,0.0,0.0,0.0,0.0,-0.0006185405886249156,0.004718580822932913,0.0029199596419506985,0.006189162208347879,0.017235304134744136,9.16334599966053,3.949544836915526e-06,0.00015156083319298725,0.2779554993015763,0.15584176382165305,1.0,0.9999800249496825,0.054970743804408695,0.832066963263626,0.6199927415128405,0.3333276293860896,1.1139840051470081e-05,1.150775739085662e-05,0.5081226571675751
11,2.2865008075902095e-05,0.04455005080550839,1.0205405263810546e-11,1.0967774633429892,28.463405797635705,1.0967774633429892,28.463405797635716,1.0967774633429892,28.463405797635705,0.39070682781524096,262.902283212372,2.440201849454137,8.526130223560347,5.954603656761085,72.69997118070759,69117.61051827826,0.0,0.0,0.0,0.0,-0.0005450784719162584,0.004750568127640686,0.002880770790746999,0.006785591447824132,0.016972591436068513,9.163347578084984,4.730327470242794e-05,0.00046854072316094203,nan,nan,0.0,nan,nan,nan,nan,nan,nan,nan,nan
12,2.467525973610124e-05,0.044549868060253406,1.0268328016213434e-11,0.9973289059136075,7.975184666580394,0.9973289059136075,7.975184666580392,0.9973289059136075,7.975184666580394,0.39070427473687036,111.43211815940435,2.347935332289511,5.608055892306125,5.512810843940005,31.45031059529538,12417.116957491453,0.0,0.0,0.0,0.0,-0.0007983171298631633,0.00490285115991382,0.0027630936492846012,0.006568082822760097,0.02416192101220582,9.16334351336474,5.871024378906437e-06,0.0001393474266142869,nan,nan,0.0,nan,nan,nan,nan,nan,nan,nan,nan
13,2.543353055864647e-05,0.044549664399091006,1.0435688301436385e-11,0.9972451463000721,5.832933448485169,0.9972451463000721,5.832933448485169,0.9972451463000721,5.832933448485169,0.3907603149797309,69.69496065169966,2.529329702637092,6.15342298805541,6.39750931891031,37.864781202937586,4857.3875402419635,0.0,0.0,0.0,0.0,-0.0007931559935805191,0.004980405016511586,0.0027531286419294654,0.00688763361756201,0.025083366304229263,9.163339876308209,4.785731444382822e-06,0.0001606953852708014,nan,nan,0.0,nan,nan,nan,nan,nan,nan,nan,nan
14,2.0881606650739872e-05,0.04454950321346497,9.999969628538687e-12,0.9474444147353341,3.7621966591413174,0.9474444147353341,3.7621966591413165,0.9474444147353341,3.7621966591413174,0.39068295799061786,46.11752038535821,2.3816320920332847,6.33728898427339,5.672171809303612,40.16123512415384,2126.8256864939303,0.0,0.0,0.0,0.0,-0.0005140200537204966,0.004540637624289462,0.00299225776570965,0.006034333664008543,0.025486852221886083,9.163338772401994,4.029074655374875e-06,0.0001501984288509043,nan,nan,0.0,nan,nan,nan,nan,nan,nan,nan,nan
15,2.2752632080714946e-05,0.04454934867485731,9.996756362656528e-12,0.9338097612451486,2.5105977140045708,0.9338097612451486,2.5105977140045708,0.9338097612451486,2.5105977140045708,0.39093135678897306,28.61233204824299,2.4262219927063464,5.684211093761069,5.886554589793041,32.31035849172078,818.665545238913,0.0,0.0,0.0,0.0,-0.000626264519387742,0.0047286810880488635,0.002893635468757385,0.007680508939375731,0.023235036974533062,9.163336864144865,1.6510058536664768e-06,0.00013263234195594488,0.37697633271938086,0.15730634629996126,1.0,0.9999814345609308,0.03347479789210861,0.6281127811470609,0.6199927415164475,0.33345730195645684,1.1520817830314754e-05,1.1231814250400191e-05,0.49364900775239273
16,2.5905328175190033e-05,0.044549138607046214,1.0003578647513885e-11,0.9913661331795629,7.43152050876774,0.9913661331795628,7.431520508767737,0.9913661331795629,7.43152050876774,0.3907113036830479,100.2292847215042,2.319904546599347,6.400071096593153,5.381957295913622,40.96101867283301,10045.909515784355,0.0,0.0,0.0,0.0,-0.0005964089027981547,0.005054663648142489,0.0029162447410050066,0.0071766525862160925,0.02379530348235525,9.163333904416184,4.885962975442297e-06,0.0001739128364853908,nan,nan,0.0,nan,nan,nan,nan,nan,nan,nan,nan
17,2.3102175805725257e-05,0.04454892960814964,9.932328844787593e-12,0.9964928121782318,5.418618105169157,0.9964928121782318,5.418618105169157,0.9964928121782318,5.418618105169157,0.390628068470739,73.75194444364784,2.5304769484482597,6.518009254832122,6.403313930496449,42.484495486045454,5439.349309218918,0.0,0.0,0.0,0.0,-0.0006439694162431339,0.0047631375370304745,0.0029215856050369337,0.007051820271865286,0.02541751093641083,9.16333037795616,5.917375427117527e-06,0.0001741410220955472,nan,nan,0.0,nan,nan,nan,nan,nan,nan,nan,nan
18,2.2199333621330678e-05,0.044548774721105626,9.665672654750109e-12,0.9801668705340729,4.267481026884877,0.9801668705340729,4.267481026884875,0.9801668705340729,4.267481026884877,0.39071401974973685,48.13010689295134,2.36860058382756,7.440175012658276,5.610268788332659,55.35655343817144,2316.507189526922,0.0,0.0,0.0,0.0,-0.0005362230945389402,0.004681003996389424,0.0028625711891046095,0.006775530249649021,0.02642252144723768,9.16332744411989,2.217195365133228e-06,0.00012094770501692615,nan,nan,0.0,nan,nan,nan,nan,nan,nan,nan,nan
19,2.3558627097973844e-05,0.04454862486376312,9.912251706587405e-12,0.9512294483019217,6.604361334043878,0.9512294483019218,6.604361334043878,0.9512294483019217,6.604361334043878,0.39064532851597034,111.09970766092553,2.315529720748877,4.977300783944079,5.361681595264436,24.77352615252831,12343.145042343116,0.0,0.0,0.0,0.0,-0.0006100074217262908,0.004815238108693347,0.003133307981625048,0.006909615896081171,0.017760196337304582,9.163325729633286,3.1270237825255623e-06,0.0001271997436955049,0.2942533746567879,0.16403909411087078,1.0,0.9999817802818156,0.026343470145438586,0.5740032795812505,0.6199927415185533,0.33370639164487675,1.33611229376571e-05,1.0197504160316743e-05,0.43285646985743825
20,2.2813121646499602e-05,0.04454844073095058,9.80200734653046e-12,1.0005121700841928,7.156107505471314,1.0005121700841928,7.156107505471314,1.0005121700841928,7.156107505471314,0.3906448055303574,76.96659236382771,2.3909969684975456,6.053738216025777,5.716866600580926,36.647987077455774,5923.856340099623,0.0,0.0,0.0,0.0,-0.0008734328658739906,0.004695767953733526,0.0026017186430276344,0.005398512606997467,0.023617025033339834,9.163323224289943,2.9254553248458525e-06,0.0001519409584582265,0.3536888193062144,0.1363579307960232,1.0,0.9999825406047052,0.02267860599070448,0.5151024744547456,0.6199927415186035,0.333776532696615,1.0865033489183747e-05,1.1948088157315855e-05,0.5237375376529912
21,2.2838434454202185e-05,0.04454827766388163,1.0061827327515641e-11,0.961769528555458,3.5552024456397904,0.961769528555458,3.5552024456397904,0.961769528555458,3.5552024456397904,0.3907682128432607,44.06670949271057,2.4582654694498456,6.295762072036278,6.0430696882917125,39.63662419804073,1941.8748855149481,0.0,0.0,0.0,0.0,-0.0006113650997844128,0.004739690619541299,0.002867465936817786,0.0056818147278748145,0.015608957386810757,9.163319960379471,3.2151921865372742e-06,0.00013096083850984596,nan,nan,0.0,nan,nan,nan,nan,nan,nan,nan,nan
22,2.371796857315473e-05,0.04454808059493089,1.1279197385183188e-11,1.036331245096082,21.052592063445683,1.036331245096082,21.052592063445683,1.036331245096082,21.052592063445683,0.39068954042679677,238.0477777334896,2.517649258655045,6.3127894357765735,6.338557897512501,39.8513182202681,56666.74448385287,0.0,0.0,0.0,0.0,-0.0008727436748548759,0.004791271965893351,0.002844203778550725,0.006665110588031792,0.021139081747988078,9.163317399101821,1.0031662260733924e-05,0.00017259935868493874,nan,nan,0.0,nan,nan,nan,nan,nan,nan,nan,nan
23,2.2760317724282955e-05,0.04454791664652659,1.164976392226698e-11,0.9790226642251305,3.516207295049908,0.9790226642251306,3.5162072950499077,0.9790226642251305,3.516207295049908,0.39065937824087416,43.093449984679374,2.4688423942646094,8.128887597365926,6.095182770641536,66.07892193147697,1857.0454315820627,0.0,0.0,0.0,0.0,-0.0007006533348296737,0.004719046792380323,0.002794342154880862,0.006697858092002692,0.03135102866645157,9.16331610806761,5.3463737190706e-06,0.00015149839967482282,nan,nan,0.0,nan,nan,nan,nan,nan,nan,nan,nan
24,2.336430736404371e-05,0.04454773786657238,1.1774018999624363e-11,0.9591944309232402,3.7189994595842224,0.9591944309232402,3.7189994595842224,0.9591944309232402,3.7189994595842224,0.3907093996921824,45.06878930422961,2.3525379177849866,5.766424327827442,5.534434682221168,33.25169775870202,2031.1957693490415,0.0,0.0,0.0,0.0,-0.0008069942492116481,0.004765822871843124,0.0027929089464936168,0.007111084240087039,0.021708863553478976,9.163312406075697,2.7902713227386307e-06,0.00013926076247254034,nan,nan,0.0,nan,nan,nan,nan,nan,nan,nan,nan
25,2.43585029989736e-05,0.04454754905630016,1.1694253306064654e-11,0.9799397967751833,4.909911700175453,0.9799397967751833,4.909911700175453,0.9799397967751833,4.909911700175453,0.39063726154981454,65.3859011506217,2.4361890594038798,6.464072565210426,5.9350235650900744,41.784353228919876,4275.316069278873,0.0,0.0,0.0,0.0,-0.0006590639882947693,0.004891230689540884,0.0029443991988642717,0.006513455352347867,0.017311082626572445,9.163309513611615,3.0700870145198696e-06,0.00016151490343893697,0.28144310804902295,0.23161615321279766,1.0,0.9999809160890163,0.029129496153218803,0.5899925925351894,0.6199927415225643,0.33341360193741437,1.1487757765386197e-05,1.2870745233587404e-05,0.5283881868327353
26,2.6117922173219118e-05,0.044547375271132915,1.1798588580184123e-11,0.9289128759655122,2.8037761619145893,0.9289128759655122,2.8037761619145893,0.9289128759655122,2.8037761619145893,0.39067549714532307,36.90478920083685,2.3043981972339567,5.817871299941607,5.3102510543350805,33.84764048136087,1361.9634659582043,0.0,0.0,0.0,0.0,-0.0007976743325632147,0.005047934016247533,0.002731781039333235,0.007447181981438295,0.016784180561286204,9.163306863949916,2.4063887173433423e-06,0.00014608704118583923,nan,nan,0.0,nan,nan,nan,nan,nan,nan,nan,nan
27,2.3069347310994572e-05,0.04454718072220127,1.211479459652144e-11,0.9731139731037427,4.3894088482125095,0.9731139731037429,4.3894088482125095,0.9731139731037427,4.3894088482125095,0.39066881374594903,54.65502681231492,2.5504741621709295,6.1150907164299815,6.504933196229888,37.39440698774159,2987.171955854863,0.0,0.0,0.0,0.0,-0.0007798036543173799,0.004739330498256883,0.002758995203310436,0.005740684645420426,0.016545118391580196,9.163305435205148,5.236746952970818e-06,0.0001808925237401553,nan,nan,0.0,nan,nan,nan,nan,nan,nan,nan,nan
28,2.1928075289561573e-05,0.04454701401430549,1.1679486618052895e-11,0.9953856761581037,7.076910322931082,0.9953856761581037,7.076910322931082,0.9953856761581037,7.076910322931082,0.39070624761709316,88.2380130075291,2.2908550720686085,6.7499109879350705,5.2480169612284016,45.56329133829223,7785.946939516875,0.0,0.0,0.0,0.0,-0.0006498874464497737,0.004637426182324476,0.002595377127498548,0.0050049516632586,0.023485347356308438,9.16330347605977,4.554722367924243e-06,0.0001462802260345844,nan,nan,0.0,nan,nan,nan,nan,nan,nan,nan,nan
29,2.119237625669226e-05,0.044546860332744596,1.1395967581016238e-11,0.9399555571935514,3.436773204968399,0.9399555571935514,3.4367732049684,0.9399555571935514,3.436773204968399,0.39065876728654486,53.863789594914934,2.3596367092409327,5.694398673418651,5.567885580801224,32.42617645192675,2901.3078295252662,0.0,0.0,0.0,0.0,-0.0007537738143728096,0.004541387595598743,0.002738080943700407,0.006142097176210286,0.02058568976283633,9.163302129287295,3.1477221397102328e-06,0.00013230443565703814,0.27621993154101326,0.17970111708004582,1.0,0.9999801865636964,0.014487268041594836,0.3021127775651644,0.6199927415210893,0.33320462519177607,1.0933711654144043e-05,1.0258664602548216e-05,0.48407335158126363
30,2.2195174982711118e-05,0.0445466985418723,1.1565383656078161e-11,1.0147334474955638,5.69665146735726,1.0147334474955638,5.696651467357263,1.0147334474955638,5.69665146735726,0.39078227497725304,90.29602769468501,2.5649247623370157,8.26833359525834,6.5788516350624615,68.36540523719853,8153.372617439322,0.0,0.0,0.0,0.0,-0.0006040529997619859,0.004672290119009056,0.0027800159107521987,0.006537437446454541,0.020907976455342484,9.163300567107182,3.5035812721600355e-06,0.00013961675047062126,0.28563142494032373,0.09502718545856288,1.0,0.999979543277044,0.01563905925602216,0.39296871074881545,0.6199927415217653,0.33363556018832513,1.1587727528098e-05,1.0607447454613118e-05,0.477916820339365
31,2.1566214759561964e-05,0.04454650151377627,1.183681001751241e-11,1.0622853936891474,8.170683311258117,1.0622853936891474,8.170683311258117,1.0622853936891474,8.170683311258117,0.390657755268184,83.24253559435925,2.675433209027728,7.594145638545123,7.157978048964582,57.67141465764058,6929.319732178167,0.0,0.0,0.0,0.0,-0.0006883000062971056,0.004592652595275782,0.0026873570041443385,0.0059223465613866206,0.024906188208315028,9.163296619489516,4.2093564504208925e-06,0.00015684776711144858,nan,nan,0.0,nan,nan,nan,nan,nan,nan,nan,nan
32,2.415992204818987e-05,0.04454632953493731,1.1959965908554916e-11,1.058602395528573,10.902272750422183,1.058602395528573,10.902272750422183,1.058602395528573,10.902272750422183,0.39074849272809464,139.68065278344608,2.530595191365382,7.245147719903628,6.40391683928098,52.492562426370505,19510.684762009623,0.0,0.0,0.0,0.0,-0.0006726274749161457,0.004869034229513878,0.0029622403917244165,0.0065502422733651425,0.023109441292531365,9.163294053707844,4.79219458963671e-06,0.00014217936568711113,nan,nan,0.0,nan,nan,nan,nan,nan,nan,nan,nan
33,2.2600662967111632e-05,0.044546151672071974,1.2867458748418051e-11,1.01077119518656,8.878914053362712,1.01077119518656,8.878914053362708,1.01077119518656,8.878914053362712,0.3907076287984904,94.30045548447409,2.3042536708662444,6.322179705130798,5.3096420378674685,39.9699863222172,8892.575904579278,0.0,0.0,0.0,0.0,-0.0008115430097788452,0.004684235360268602,0.002716622399050668,0.00584616735964737,0.024823824400798066,9.163291491013215,1.0274277132933943e-05,0.00016397870406939305,nan,nan,0.0,nan,nan,nan,nan,nan,nan,nan,nan
34,2.1780735628990358e-05,0.04454598936586769,1.2613421129333601e-11,1.0132051812396496,8.552627139656217,1.0132051812396496,8.552627139656211,1.0132051812396496,8.552627139656217,0.3908343414428283,99.9694838775183,2.188455101566176,7.349145590842819,4.789335878453539,54.009965472115596,9993.89770673739,0.0,0.0,0.0,0.0,-0.0007920241408258155,0.004599286182587412,0.0028701330765102564,0.0064962379444738275,0.021090133973778832,9.163288989551786,3.178173553822194e-06,0.0001360895945385216,nan,nan,0.0,nan,nan,nan,nan,nan,nan,nan,nan
35,2.2297470089554502e-05,0.04454582829209364,1.2657945442116456e-11,0.9615711300085243,3.061717697594088,0.9615711300085243,3.061717697594088,0.9615711300085243,3.061717697594088,0.39068251557032935,40.65930269747765,2.457252426550562,6.6741299109424945,6.0380939495365205,44.54488752411944,1653.1788958451132,0.0,0.0,0.0,0.0,-0.0006509431308133004,0.00467693736648263,0.0029748064542540445,0.006570702878247624,0.017116595915037197,9.16328668467613,2.7337028877385998e-06,0.0001391740505440719,0.28120000772464604,0.10333148073854972,1.0,0.9999801439832221,0.025555626869319448,0.5253631714046981,0.6199927415247334,0.3336444998593977,1.0441613621475448e-05,1.1855856468079054e-05,0.5317130786794086
36,2.3957939517749095e-05,0.044545669650835264,1.2535999433469101e-11,0.985438306141051,4.207674689963185,0.985438306141051,4.207674689963185,0.985438306141051,4.207674689963185,0.39065011693302415,47.13470715499103,2.3822682277314047,6.623932111664783,5.675202742357041,43.8766079579163,2221.680618586762,0.0,0.0,0.0,0.0,-0.0007001967113877906,0.004844343514152441,0.0027788495820105417,0.005495294196293477,0.03177425125204385,9.163283719817326,2.9058526290940435e-06,0.0001285816435235383,nan,nan,0.0,nan,nan,nan,nan,nan,nan,nan,nan
37,2.171149227981418e-05,0.04454551231686796,1.279097644716811e-11,0.9635623372345858,4.57134162855685,0.9635623372345858,4.571341628556849,0.9635623372345858,4.57134162855685,0.39063768671202576,64.71473637960625,2.3978793535730483,6.737081565243092,5.749827009905882,45.38827333510677,4187.997104681933,0.0,0.0,0.0,0.0,-0.0007425487262650844,0.004600012355302568,0.002709927369250501,0.006600992118604636,0.02430967132884644,9.163280708550522,3.788923430259121e-06,0.00012700190754932008,nan,nan,0.0,nan,nan,nan,nan,nan,nan,nan,nan
38,2.1758797571671055e-05,0.044545326677105465,1.3625318913486173e-11,0.9422682840559113,3.869515653493867,0.9422682840559115,3.8695156534938655,0.9422682840559113,3.869515653493867,0.390857781411897,49.525934318720786,2.3169210167706784,5.914364057960802,5.368145235135521,34.97971370627504,2452.8181701422454,0.0,0.0,0.0,0.0,-0.0006888169277693655,0.004613494208481185,0.002794187757896193,0.005297654967703993,0.017655426374347832,9.163278351098116,4.839239312764955e-06,0.00016387938205346826,nan,nan,0.0,nan,nan,nan,nan,nan,nan,nan,nan
39,2.2907081706937853e-05,0.04454509711695739,1.4797820629835066e-11,1.0167860571146803,6.961377878252475,1.0167860571146803,6.961377878252475,1.0167860571146803,6.961377878252475,0.3907891957938522,105.67662476710949,2.4996276420456987,7.588313499813149,6.248142846040486,57.582530437314055,11167.549022168458,0.0,0.0,0.0,0.0,-0.0006731434181485124,0.004738560925591354,0.0028301854804417144,0.004717406084535165,0.024800232564953215,9.163274437024302,1.0472053038259795e-05,0.00020052222056540412,0.26675420640714675,0.0951736575988942,1.0,0.9999829238582039,0.019115743502473137,0.4278533724627055,0.6199927415269532,0.33380060474167583,1.0977522777684742e-05,1.1929558929253111e-05,0.5207803893081681
40,2.165481549747598e-05,0.04454493279156686,1.5025408287398754e-11,0.9672381679524961,3.8912829191158154,0.9672381679524961,3.891282919115816,0.9672381679524961,3.8912829191158154,0.3906505443865683,45.79105816743809,2.4154791469954326,6.223923393840031,5.834542798523003,38.737224614772934,2096.8210080936983,0.0,0.0,0.0,0.0,-0.0006561416074023541,0.004606983143936109,0.0026551658841024845,0.006197594448972928,0.026622144585036693,9.163272536905506,3.3404258354519556e-06,0.00013761935582601905,0.23236225301780286,0.11473710494182573,1.0,0.9999771133581631,0.023325912079937505,0.5047697769809668,0.6199927415258106,0.33326347964788733,1.1372447944795073e-05,1.0282367552680909e-05,0.47483053152216376
41,2.4032342225348384e-05,0.04454478199943453,1.5093359002732375e-11,0.9337624738745975,3.3249622083008283,0.9337624738745975,3.3249622083008283,0.9337624738745975,3.3249622083008283,0.3906982054566802,39.75166979340563,2.2840120960650543,5.505218653484239,5.216723943270618,30.307514424337803,1580.1952513639578,0.0,0.0,0.0,0.0,-0.0007440795553617757,0.00484548117741066,0.002834238365588327,0.006228687663990923,0.016036393990597718,9.163271190283348,2.265278311025404e-06,0.0001342741604159876,nan,nan,0.0,nan,nan,nan,nan,nan,nan,nan,nan
42,2.3136242047933878e-05,0.044544587327216514,1.572579087928544e-11,0.9963909196732516,5.169980397910399,0.9963909196732516,5.169980397910397,0.9963909196732516,5.169980397910399,0.39065775044249273,60.297158877840786,2.5446220088501836,7.467227137940453,6.47514640900885,55.759490843866224,3635.747368739574,0.0,0.0,0.0,0.0,-0.0007427126981686746,0.0047523278396921316,0.00286386740981655,0.006109752550920599,0.02184509602090966,9.163268666759626,4.85718981925656e-06,0.0001677157292795516,nan,nan,0.0,nan,nan,nan,nan,nan,nan,nan,nan
43,2.16486661335816e-05,0.044544408590526996,1.5631666083048488e-11,0.9698494591846639,3.1809304432781995,0.9698494591846639,3.1809304432781995,0.9698494591846639,3.1809304432781995,0.39067023105887566,34.00254980383054,2.5836999447030244,6.65791513080786,6.675505476833648,44.32783997017788,1156.1733931619763,0.0,0.0,0.0,0.0,-0.0005620486278448397,0.0046187408969890625,0.0029700892831859655,0.0073680921852935346,0.02087305122912205,9.163266547804096,7.700510815992687e-06,0.00016619588401699077,nan,nan,0.0,nan,nan,nan,nan,nan,nan,nan,nan
44,2.340039338799749e-05,0.044544241264969434,1.6089279606161565e-11,0.9353793940682258,3.6940603843010886,0.9353793940682258,3.6940603843010886,0.9353793940682258,3.6940603843010886,0.39068886752266596,56.42414720782861,2.2630898832247244,6.113025731692622,5.1215810050223896,37.369154612107764,3183.684388130713,0.0,0.0,0.0,0.0,-0.000778534225906731,0.0047743353303982845,0.0027413200388197727,0.007180126922140631,0.02747805450380622,9.163263995944142,3.604158880327089e-06,0.00012764633306077224,nan,nan,0.0,nan,nan,nan,nan,nan,nan,nan,nan
45,2.3894173543159693e-05,0.044544067946130785,1.607117699470731e-11,0.9459122973928088,3.4826178458373875,0.9459122973928086,3.4826178458373875,0.9459122973928088,3.4826178458373875,0.39065252483860463,57.729147843537234,2.332625509570462,6.043649708472974,5.441158771024002,36.525784789540616,3332.6545107409797,0.0,0.0,0.0,0.0,-0.0008965635130815172,0.004805241659913746,0.0027899457823114373,0.006607438969935653,0.015469359168050319,9.163261879234506,2.507536400263649e-06,0.0001486070374049828,0.2491270145616947,0.10157361228208044,1.0,0.9999824012731057,0.018259192715241568,0.4017283061855591,0.6199927415307124,0.3337535305803562,1.0537529984295944e-05,1.3356643558863749e-05,0.5589916527030258
46,2.293113355041697e-05,0.04454383093149729,1.6174055108772246e-11,0.9497559296450356,3.326627086639322,0.9497559296450356,3.326627086639322,0.9497559296450356,3.326627086639322,0.390658171137147,39.80451129837545,2.520035250107647,6.438135761606222,6.350589789136575,41.45030207788541,1584.399119702499,0.0,0.0,0.0,0.0,-0.0006365557925991894,0.004746148994008236,0.00297319713205399,0.0061108922531567696,0.0224342679978707,9.163259354137645,6.8187204896799054e-06,0.00019885190018945398,nan,nan,0.0,nan,nan,nan,nan,nan,nan,nan,nan
47,2.2978243765762288e-05,0.04454358024285804,1.436080844229948e-11,1.0028718609951803,5.717424941656783,1.0028718609951803,5.717424941656783,1.0028718609951803,5.717424941656783,0.3906463872341222,89.55453225356216,2.5390592809386368,7.003350582329232,6.446822251205883,49.046932245273524,8020.014247154305,0.0,0.0,0.0,0.0,-0.0007960796325175344,0.004726997036645256,0.002643129110313028,0.006142632014570038,0.01610233033422582,9.163262455410466,2.2692895026773987e-05,0.00031484758388716116,nan,nan,0.0,nan,nan,nan,nan,nan,nan,nan,nan
48,2.1128894598532102e-05,0.044543344014066066,1.4775160457004888e-11,1.0205954092268785,6.286506194743015,1.0205954092268785,6.286506194743015,1.0205954092268785,6.286506194743015,0.3906311879179309,70.11567626619988,2.4731540502738967,6.348369614060295,6.11649095655452,40.30231697880427,4916.208058266546,0.0,0.0,0.0,0.0,-0.0007128828925102357,0.004541001275060197,0.002695192506720917,0.004977149268326819,0.017414504450310793,9.163258152477509,7.905427791467053e-06,0.0002001723763342774,nan,nan,0.0,nan,nan,nan,nan,nan,nan,nan,nan
49,2.3433676307324197e-05,0.04454489227438741,1.4619028906079004e-11,0.9637165623581185,4.829910129812893,0.9637165623581185,4.829910129812893,0.9637165623581185,4.829910129812893,0.3906937522505064,58.85665477110449,2.410636838113727,5.9772123373496955,5.811179814942489,35.72711323565471,3464.1058108449765,0.0,0.0,0.0,0.0,-0.000823720784323055,0.004770236930887019,0.002856941435058653,0.0059166138714242264,0.016086288024010822,9.163271648036702,5.018740857161916e-06,0.0001784925425662572,0.2457198386427311,0.0,0.0,0.9999815183386779,0.013799964510158524,0.36449866220937277,0.6199927415258151,0.3331166399937522,1.0526789639795871e-05,1.2906886667528326e-05,0.550783688323555
50,2.2879173462332127e-05,0.04454466003120589,1.4413433744330911e-11,0.9971953014312208,5.427599449886989,0.9971953014312208,5.427599449886992,0.9971953014312208,5.427599449886989,0.39062510024185865,83.12021530945403,2.471834144642154,7.22544631733351,6.1099708477307955,52.20775538051699,6908.9701930899955,0.0,0.0,0.0,0.0,-0.0007021644360818973,0.0047313992187337055,0.0028599932865155738,0.005812054305055481,0.024243124997972914,9.1632690011736,5.633316371042076e-06,0.00020757073267387192,nan,nan,0.0,nan,nan,nan,nan,nan,nan,nan,nan
51,2.2989637980586965e-05,0.044544284049862215,2.4393175068215213e-11,0.9991910166544206,12.225270324554026,0.9991910166544207,12.225270324554042,0.9991910166544206,12.225270324554026,0.3907629047900143,172.4438243128643,2.3058020221669078,5.948867284060772,5.31673273119207,35.38921324513673,29736.87254364601,0.0,0.0,0.0,0.0,-0.0009211110797075297,0.0047054428441356076,0.0027666306338685084,0.00612279141480411,0.01706248810253646,9.163270549385793,3.836220229516843e-05,0.00044089777221685724,nan,nan,0.0,nan,nan,nan,nan,nan,nan,nan,nan
52,2.2817537668737747e-05,0.0445441093889453,2.478880082955569e-11,0.9716871362581765,6.872539574030336,0.9716871362581765,6.87253957403033,0.9716871362581765,6.872539574030336,0.3906631503059115,112.06901347761129,2.3002857436153046,5.869683787146839,5.291321988415074,34.45368982814916,12559.463781845021,0.0,0.0,0.0,0.0,-0.0007233803379019245,0.0047216796328716166,0.002701617332604782,0.005995554477557309,0.020045916926772753,9.163269167712325,5.126867045010224e-06,0.00015908923339210835,nan,nan,0.0,nan,nan,nan,nan,nan,nan,nan,nan
53,2.3495162156333287e-05,0.04454384972606493,2.7081592215081464e-11,0.9944256621982223,5.3897053030743765,0.9944256621982223,5.3897053030743765,0.9944256621982223,5.3897053030743765,0.3907174540877475,60.76302148403146,2.3576290053546387,5.904353985545428,5.558415071692225,34.86244587282259,3692.144779868869,0.0,0.0,0.0,0.0,-0.0007977534620449167,0.004781082677608559,0.0027417876897411144,0.006183741494437213,0.032801168734527625,9.16326687288727,1.2212665043260556e-05,0.00024293613568890512,0.28718020107196907,0.08196284321275868,1.0,0.9999833592397859,0.02423993724050766,0.48284554011430425,0.6199927415363617,0.33402913087493125,1.2394376883241819e-05,1.1100785273091468e-05,0.4724711069976239
54,2.2913779824970094e-05,0.04454369542196506,2.6569674839773472e-11,1.0051330654811423,9.615492479459121,1.0051330654811423,9.615492479459121,1.0051330654811423,9.615492479459121,0.39076069256812374,150.6420975564272,2.490151845002882,7.148258099752776,6.200861399389527,51.09838257944511,22693.041556200125,0.0,0.0,0.0,0.0,-0.0007291390078123867,0.004730976234590115,0.002838418581373292,0.005867673465673774,0.02103822222618033,9.16326469217163,2.981910786559489e-06,0.00012988790069301174,nan,nan,0.0,nan,nan,nan,nan,nan,nan,nan,nan
55,2.4981223259540307e-05,0.044543493524455136,2.6356163136606815e-11,1.0671041420184448,19.048433094747246,1.067104142018445,19.048433094747253,1.0671041420184448,19.048433094747246,0.3907198935804434,172.7806994734906,2.419912308328711,5.53880779238126,5.855979191938483,30.67873786912205,29853.17011054868,0.0,0.0,0.0,0.0,-0.0008170997928818292,0.004930879352408938,0.0027261065871949383,0.0056645499370624785,0.02714353542004089,9.16326143273775,4.189086559522071e-06,0.00016908900749563053,nan,nan,0.0,nan,nan,nan,nan,nan,nan,nan,nan
56,2.331744839775115e-05,0.04454334351574083,2.5870160644220067e-11,0.9558040204757887,3.4964972495970694,0.9558040204757887,3.4964972495970694,0.9558040204757887,3.4964972495970694,0.3906489903622282,48.202759965589166,2.513711524034417,6.138709124128178,6.318745945507854,37.68421539818093,2323.5060683002057,0.0,0.0,0.0,0.0,-0.0006846606812376055,0.004780030141047064,0.00283887706451238,0.0052178025032905565,0.015254517686094128,9.163259820774035,2.583478239594221e-06,0.00013376639061404445,nan,nan,0.0,nan,nan,nan,nan,nan,nan,nan,nan
57,2.282941223275838e-05,0.04454312671079476,3.058312273974443e-11,1.1025027155530502,42.38101389321973,1.1025027155530502,42.38101389321973,1.1025027155530502,42.38101389321973,0.3906525329480231,323.70839577008763,2.529488915902844,7.002707204726377,6.398319636611099,49.03792300059327,104787.12549204369,0.0,0.0,0.0,0.0,-0.0006111037217310537,0.004738772464894768,0.0028439447575844884,0.005749137051266171,0.02789264248401379,9.163253776919351,2.0191082623602716e-05,0.0001860120560209519,nan,nan,0.0,nan,nan,nan,nan,nan,nan,nan,nan
58,2.396748901411681e-05,0.044542961418835,3.026027259662013e-11,0.9460386904838086,4.160528455829875,0.9460386904838086,4.160528455829873,0.9460386904838086,4.160528455829875,0.3906466677164169,70.72636101026927,2.2945212891913718,5.704288319631513,5.264832131053978,32.539342734688745,5002.218141754937,0.0,0.0,0.0,0.0,-0.0008850590638862885,0.00481499319496399,0.002655317390433238,0.0072117710202469565,0.025600114082247622,9.163251279762406,1.7652706935105819e-06,0.00013579291797279278,0.23020831956970006,0.09240079040233351,1.0,0.9999802920231187,0.011417044652379693,0.277139291615698,0.6199927415384857,0.3331165536334484,1.224289980643588e-05,1.1724589207680931e-05,0.48918721526377534
59,2.243479665462421e-05,0.04454279684872939,3.0016540544269944e-11,0.9421077632577141,3.2921181121357934,0.9421077632577141,3.2921181121357925,0.9421077632577141,3.2921181121357934,0.39064801758699136,53.80729705150932,2.311247405446668,6.050525784340228,5.341865410561939,36.60898158879467,2895.2252159893637,0.0,0.0,0.0,0.0,-0.000618607067749118,0.004695968691372957,0.0029197556553375754,0.006171445456795528,0.017232826533491636,9.163250120135874,3.9325672035129445e-06,0.00015064848756779899,0.31113952485086976,0.1155160598577349,1.0,0.9999801585916912,0.01653171454266744,0.400582158919596,0.6199927415422389,0.33370905107898263,1.1041695161449153e-05,1.1393101493175056e-05,0.5078317253580605
60,2.262767100742022e-05,0.04454242371968172,4.125903885251741e-11,1.0967766422540755,28.46285421761323,1.0967766422540755,28.46285421761323,1.0967766422540755,28.46285421761323,0.3907068221404945,262.89881414555094,2.440192921749758,8.526061703708146,5.95456011039209,72.698804008685,69115.78647913694,0.0,0.0,0.0,0.0,-0.0005451905010974159,0.004725509319103431,0.0028806506843242776,0.006783085351073374,0.016970440833434915,9.163251963405083,4.684081410003693e-05,0.0004644314329529678,nan,nan,0.0,nan,nan,nan,nan,nan,nan,nan,nan
61,2.4436996522869802e-05,0.044542242576309746,4.148405331682839e-11,0.9973285825476772,7.975132140109773,0.9973285825476772,7.975132140109773,0.9973285825476772,7.975132140109773,0.39070428349677927,111.4314631687812,2.3479449964268593,5.608049841974489,5.512856197931374,31.450242764116474,12416.970983935442,0.0,0.0,0.0,0.0,-0.0007983800650612716,0.004878481914959055,0.002760713027512561,0.00656446871478974,0.024159034126840458,9.16324798879754,5.867366781639934e-06,0.00013857791798391487,nan,nan,0.0,nan,nan,nan,nan,nan,nan,nan,nan
62,2.5195205215662882e-05,0.04454204081778143,4.1489589047252504e-11,0.9972447947911306,5.832895005137962,0.9972447947911306,5.8328950051379636,0.9972447947911306,5.832895005137962,0.3907603333935291,69.69448141612372,2.5293247700522583,6.153433179630494,6.3974843660463385,37.86490664215292,4857.3207398624145,0.0,0.0,0.0,0.0,-0.000793300698561071,0.00495639780660566,0.0027508352812312857,0.0068858866396953695,0.025080071784747644,9.163244457701607,4.780702057330773e-06,0.00015975584106627119,nan,nan,0.0,nan,nan,nan,nan,nan,nan,nan,nan
63,2.0684976681596222e-05,0.04454188139764917,4.0241601111326873e-11,0.9474444133593584,3.762187580375066,0.9474444133593584,3.762187580375066,0.9474444133593584,3.762187580375066,0.3906829499933778,46.11705475198552,2.3816245598687096,6.3373340847092,5.672135929783576,40.16180674912371,2126.78273899763,0.0,0.0,0.0,0.0,-0.000514097474327308,0.004518924702679445,0.0029912221086692997,0.006034256758197419,0.02548403958386298,9.163243438679576,3.992545488243778e-06,0.0001491364906807958,0.28019821871400336,0.11249543187082992,1.0,0.9999804596760777,0.028339108053398676,0.5808372791596338,0.619992741550919,0.33344682743783477,1.1540645457562908e-05,9.144331224033314e-06,0.442075974500333
64,2.253126548297036e-05,0.04454172851138867,3.984406431252945e-11,0.9338097743842906,2.510598535516229,0.9338097743842906,2.510598535516229,0.9338097743842906,2.510598535516229,0.3909314272336414,28.612355288721055,2.4262224561566783,5.6841926492650625,5.886556837513299,32.31014880568038,818.6668751680037,0.0,0.0,0.0,0.0,-0.0006263279345593262,0.004705207625744161,0.00287301000895816,0.007681162940330442,0.023232566395210312,9.163241620645849,1.6451346207407593e-06,0.0001317854632310348,nan,nan,0.0,nan,nan,nan,nan,nan,nan,nan,nan
65,2.5663459563483763e-05,0.04454152045392337,3.938478083471138e-11,0.9913663219552776,7.431514398793083,0.9913663219552775,7.431514398793083,0.9913663219552776,7.431514398793083,0.39071131221639827,100.22923766570857,2.3199054704461606,6.400065245446442,5.381961581385229,40.96094372864001,10045.900083049093,0.0,0.0,0.0,0.0,-0.0005964774166846996,0.005030673340107556,0.002912625781906629,0.00703537932779419,0.023792419446391565,9.163238781559457,4.870122524017193e-06,0.00017297257688206878,nan,nan,0.0,nan,nan,nan,nan,nan,nan,nan,nan
66,2.289216738189839e-05,0.04454131351573775,3.908275882519453e-11,0.9964928078294701,5.418612012559691,0.9964928078294701,5.418612012559691,0.9964928078294701,5.418612012559691,0.3906280735990405,73.75196490300104,2.53048568357205,6.518028812598072,6.403358139463998,42.484750375013405,5439.352327053497,0.0,0.0,0.0,0.0,-0.0006440332256907816,0.004741032438837001,0.0029211613791242344,0.007050087511588127,0.02541384458751441,9.163235367000654,5.912065095435922e-06,0.00017309770040897982,nan,nan,0.0,nan,nan,nan,nan,nan,nan,nan,nan
67,2.1979613437444922e-05,0.044541160192556106,3.819646050049437e-11,0.9801667322412171,4.267478329451574,0.9801667322412171,4.267478329451574,0.9801667322412171,4.267478329451574,0.3907140057558107,48.130117712437475,2.36860173979271,7.440166250930839,5.610274263399823,55.35642310458908,2316.5082310130874,0.0,0.0,0.0,0.0,-0.0005362937462408703,0.00465746738637941,0.0028607493460129857,0.006771255024405644,0.026419478606490215,9.163232525438428,2.215355658003387e-06,0.0001202042021503986,nan,nan,0.0,nan,nan,nan,nan,nan,nan,nan,nan
68,2.336103443313327e-05,0.04454101178156346,3.840996081018023e-11,0.9512297034348569,6.604356924709809,0.9512297034348569,6.604356924709809,0.9512297034348569,6.604356924709809,0.39064531866546237,111.09941196678422,2.315526097319528,4.977310729626727,5.36166482581817,24.77362515915212,12343.079339365237,0.0,0.0,0.0,0.0,-0.0006100752318216954,0.004794668147499989,0.003132616175699622,0.006771892826102762,0.01775768568176999,9.163230888333,3.1251609248368875e-06,0.0001264486995544517,0.2600889095476741,0.09455858237787183,1.0,0.9999816568652662,0.01737474112723314,0.4142492286057295,0.6199927415535701,0.3340841341475327,1.325383852748443e-05,1.010719590564884e-05,0.4326518988094837
69,2.260733929507887e-05,0.044540829401510176,3.7855996717499495e-11,1.000512000732499,7.156090367726185,1.000512000732499,7.156090367726185,1.000512000732499,7.156090367726185,0.3906448109814167,76.96672472305738,2.390993613097934,6.053714953627397,5.716850554695704,36.64770554564539,5923.876714594892,0.0,0.0,0.0,0.0,-0.0008735460191751166,0.004673783975266955,0.0025965526699475625,0.0053767024557257875,0.023613494969599188,9.163228481653205,2.9185709570908556e-06,0.00015107782001519594,0.47024960348275235,0.26373257570345604,1.0,0.9999786321980539,0.024550955705719968,0.4988758723179905,0.6199927415477919,0.333874366368643,1.076589349685749e-05,1.1841445798221379e-05,0.523787679906189
70,2.2626145672499525e-05,0.044540667924663095,3.804717769514352e-11,0.9617697089429016,3.5552060427908567,0.9617697089429016,3.5552060427908567,0.9617697089429016,3.5552060427908567,0.39076822433896996,44.06650802462536,2.458268051977248,6.295767605448065,6.0430823836266825,39.636693872877615,1941.857129484371,0.0,0.0,0.0,0.0,-0.0006115181137257054,0.004717222834368213,0.002867174037639355,0.005680008820277766,0.015608512340402683,9.163225306938637,3.1978921486581224e-06,0.00013015638672905176,nan,nan,0.0,nan,nan,nan,nan,nan,nan,nan,nan
71,2.34862954080922e-05,0.04454047290903447,4.020978253538908e-11,1.036331747666568,21.052921866432644,1.036331747666568,21.052921866432644,1.036331747666568,21.052921866432644,0.3906895213655976,238.05007766726573,2.5176623352599767,6.312796375786508,6.338623739581818,39.85140581924953,56667.839477391244,0.0,0.0,0.0,0.0,-0.0008728018744608262,0.004767023420965105,0.0028438885414436275,0.006553393991114135,0.021136624244834555,9.163222859394105,1.0029771809431294e-05,0.0001716081517604186,nan,nan,0.0,nan,nan,nan,nan,nan,nan,nan,nan
72,2.2536507326936113e-05,0.04454031080163351,4.0665538370928275e-11,0.979022733368653,3.516205227013785,0.979022733368653,3.516205227013785,0.979022733368653,3.516205227013785,0.39065937241847926,43.09334952069674,2.4688394813108974,8.128896136775705,6.095168387584444,66.07906059666277,1857.036772912934,0.0,0.0,0.0,0.0,-0.0007007609291428178,0.004695257335559257,0.002787439379488914,0.00661462932677964,0.03120790348169073,9.163221666354858,5.328526187554885e-06,0.00015051570599548505,nan,nan,0.0,nan,nan,nan,nan,nan,nan,nan,nan
73,2.3140799918001577e-05,0.044540133700466465,4.0531792247933354e-11,0.9591945185597893,3.719005950264724,0.9591945185597893,3.719005950264724,0.9591945185597893,3.719005950264724,0.3907094135618703,45.06874691051709,2.352541490425579,5.766420271888923,5.534451491593169,33.25165098625535,2031.191948084244,0.0,0.0,0.0,0.0,-0.0008070981706606431,0.004742298225641004,0.002785071097696883,0.00697169738903607,0.021707862136365018,9.163218060437432,2.780719123533607e-06,0.00013844815259601417,0.276528063968671,0.2531278694382911,1.0,0.99998183462724,0.014778811318792107,0.38728102452667196,0.6199927415604329,0.33327799958986226,1.203780312155853e-05,1.1102996796443047e-05,0.47980177158032716
74,2.4115555331819503e-05,0.04453994683770604,4.0031418076911125e-11,0.9799396338181188,4.909900285407181,0.9799396338181188,4.909900285407181,0.9799396338181188,4.909900285407181,0.3906372561545519,65.38536371745272,2.436189127470838,6.46402828021389,5.935023897864888,41.78378080453559,4275.245788463582,0.0,0.0,0.0,0.0,-0.0006591269248180924,0.004866323769417665,0.0029444357940175275,0.0064574532204082526,0.0173075570374045,9.163215280297491,3.0635032926457488e-06,0.00016055641073095385,nan,nan,0.0,nan,nan,nan,nan,nan,nan,nan,nan
75,2.585175418990533e-05,0.04453977484210528,3.987264707715496e-11,0.9289129524244899,2.803781348379687,0.9289129524244899,2.8037813483796867,0.9289129524244899,2.803781348379687,0.39067550701698445,36.90499622994213,2.3043955228974644,5.817849176180568,5.310238728836326,33.8473830701228,1361.9787467320427,0.0,0.0,0.0,0.0,-0.0007977332370895246,0.005021491399210796,0.00272536903924829,0.007317853711364428,0.016781222071194684,9.163212734504658,2.4084316850044653e-06,0.0001452295547127642,nan,nan,0.0,nan,nan,nan,nan,nan,nan,nan,nan
76,2.282675624953466e-05,0.04453958250755003,4.017560982644943e-11,0.9731138353906118,4.3893971883920795,0.9731138353906118,4.389397188392082,0.9731138353906118,4.3893971883920795,0.3906688108607847,54.65472095858709,2.5504790145720446,6.115093167903777,6.504957929365704,37.39443690916513,2987.138523061019,0.0,0.0,0.0,0.0,-0.0007798666814314351,0.004713657201020008,0.0027516479009655074,0.005601421873159261,0.01654461898023633,9.163211436468446,5.2241454937407916e-06,0.0001798231666541388,nan,nan,0.0,nan,nan,nan,nan,nan,nan,nan,nan
77,2.1730315241287125e-05,0.04453941747531408,3.901626704243681e-11,0.9953858220077032,7.076941653160052,0.9953858220077032,7.076941653160053,0.9953858220077032,7.076941653160052,0.3907062482161234,88.23868998205198,2.2908497573736346,6.749913353633679,5.247992610869877,45.56332365852718,7786.066409748681,0.0,0.0,0.0,0.0,-0.0006499538558578546,0.004616045409930737,0.0025904076740797923,0.004864155118164718,0.023482890824929343,9.16320957051193,4.5521899217297735e-06,0.00014543024586413975,nan,nan,0.0,nan,nan,nan,nan,nan,nan,nan,nan
78,2.099343582674549e-05,0.044539265365339614,3.819105642609908e-11,0.9399554029597139,3.436763477674792,0.9399554029597139,3.436763477674792,0.9399554029597139,3.436763477674792,0.39065876501269126,53.86385295858102,2.3596318228845448,5.69441729232733,5.567862521337553,32.426388496637024,2901.3146555436374,0.0,0.0,0.0,0.0,-0.0007538428018358509,0.0045194199690741016,0.0027379042700039964,0.0061416372762573635,0.020582733119987297,9.163208310404363,3.1452336604036363e-06,0.0001315100167444165,0.2965710388355229,0.08391202054326213,1.0,0.9999827780368145,0.0196073458034437,0.42056030999284455,0.6199927415543636,0.3334917934982394,1.0830982589015913e-05,1.0162453237729576e-05,0.48407765749247594
79,2.1985067279781664e-05,0.04453910527951836,3.818380746320039e-11,1.0147334624154616,5.696677426661281,1.0147334624154616,5.696677426661281,1.0147334624154616,5.696677426661281,0.3907822654222402,90.29650971754697,2.564918784586957,8.268359888327414,6.578820990899109,68.36583998122433,8153.459667171054,0.0,0.0,0.0,0.0,-0.0006041592782604936,0.004649737502942872,0.002761081134756294,0.006499494918000476,0.0209061430679036,9.163206843300495,3.493108585840899e-06,0.000138742873646011,0.48297831685161147,0.24065304612005659,1.0,0.9999794098060883,0.04631111752500461,0.7595389510254319,0.6199927415565896,0.33376523392300284,1.1475374106971592e-05,1.0509693172810072e-05,0.478037798978
