iter,td_loss,w_norm,tracking_gap,teacher_error,mean_rho,mean_rho2,p95_rho2,p99_rho2,max_rho2,delta_mean,delta_std,delta_p95,delta_p99,delta_max,stability_proxy,stability_proxy_mean,stability_proxy_std,power_iters,batch_size,stability_probe_step_scale,w_gap,w_sharp_drift,w_sharp_drift_defined,converged,num_iters,tol,mmd2,mmd_sigma,mean_l2,num_samples,dist_action_kl,dist_action_tv,action_samples
0.0,2.500102025332649e-05,9.163369275853684,1.585678590298169e-15,0.044552625510051444,0.6282641040620544,0.42447553895329554,0.7700656883617376,0.8104126163062042,0.8740212787334868,-0.0007608151625850486,0.004941880263797088,0.0034175382156823755,0.0072171685663145165,0.02207853374898103,,,,,,,,,,,,,,,,,,,
1.0,2.5317021197059575e-05,9.163366786167302,4.881184443991506e-15,0.04455248831713099,0.6297092696209585,0.4263093474284747,0.7687148923742665,0.8165863854196376,0.9064863049876275,-0.0007328797711055434,0.00497794218911428,0.0035749325601644416,0.006888732176997277,0.01626597973417573,,,,,,,,,,,,,,,,,,,
2.0,2.5413943656478407e-05,9.163364560242432,8.558763450486835e-15,0.04455235986707006,0.6302085813941328,0.42722876908141216,0.7780745786023502,0.8228679460355749,0.8951232331861991,-0.0009393269633132528,0.004952939381061624,0.0034723990848159196,0.006478515622453517,0.018504540137093104,,,,,,,,,,,,,,,,,,,
3.0,2.3859150641360744e-05,9.163362100331012,1.487883860669872e-14,0.04455223251692855,0.6282014868477779,0.4249802655642833,0.7707613554322708,0.8289793645415675,0.9029836548003559,-0.0008114911881388104,0.004816703508929505,0.0036139756301881683,0.0066524785292504255,0.02795356676146895,,,,,,,,,,,,,,,,,,,
4.0,2.4652085282866378e-05,9.163359434959798,2.3383634171191446e-14,0.04455210052524472,0.6338861253325166,0.432162429635366,0.7717921263623625,0.8105974579264958,0.9005625420393955,-0.0008078087508357088,0.00489893154728045,0.0036848380976096384,0.0063005390553600125,0.02309386969167596,,,,,,,,,,,,,,,,,,,
5.0,2.602278696434989e-05,9.16335676819234,3.05216917822899e-14,0.04455196741167269,0.6329859475486416,0.4310200117866303,0.7822308736879707,0.8291213484352474,0.8725063669628017,-0.0008239999376378348,0.005034263706553595,0.0037759616972122896,0.0068170236769173565,0.02264438807090647,0.9999833181830787,0.9999833181830787,1.2374507813211943e-06,20.0,4096.0,6.25e-05,0.19000381140553352,0.0,0.0,nan,2000.0,1e-07,0.012445747498749382,2.3350866200450215,0.3306415615278038,4096.0,0.6199927415085643,0.3338472119312925,64.0
6.0,2.594678908264824e-05,9.16335415271131,4.112432810406669e-14,0.04455183358936943,0.6305997451742305,0.4270575772975025,0.7709032995759133,0.816777999818663,0.8737163229138752,-0.0010249127773360696,0.004989623521018545,0.003225867256386356,0.006227267083151142,0.0213113190916617,,,,,,,,,,,,,,,,,,,
7.0,2.402228624663873e-05,9.163351700504222,5.3235662076980386e-14,0.0445517096098987,0.6260840067334231,0.4214353929570562,0.7680222661255139,0.8119425298958709,0.8609715951839794,-0.0006954663409419718,0.004851660830607959,0.0037974675762892348,0.00644937753989089,0.02389324143982884,,,,,,,,,,,,,,,,,,,
8.0,2.4789451709978093e-05,9.163349459353,6.288149238928282e-14,0.0445515854473538,0.6293423705929644,0.426091164069406,0.7748491892504572,0.8217648812452366,0.8794460923199261,-0.0007430974131311445,0.004923134971192228,0.003625850985159567,0.006980522115421597,0.026523837049713714,,,,,,,,,,,,,,,,,,,
9.0,2.6472529741802396e-05,9.16334657815317,8.132079932125185e-14,0.044551446341827054,0.6336969517243184,0.43151101461119723,0.7833009900962082,0.8222590119906299,0.90237939677006,-0.0008879470509775113,0.005067946307574967,0.0035802304424779607,0.007082958978826499,0.023774048056594735,0.9999826644908275,0.9999826644908275,2.371535322325121e-06,20.0,4096.0,6.25e-05,0.19774907635131964,0.04149503998645001,1.0,nan,2000.0,1e-07,0.017417191182320657,2.339678044847076,0.41876484378353285,4096.0,0.6199927415086344,0.33385303980707026,64.0
10.0,2.153928818666079e-05,9.163344547534098,1.1194078756652063e-13,0.044551331220841296,0.6308804478140643,0.42799210562930023,0.7763671136493244,0.8227095083357558,0.8702982476752893,-0.0006782384182144535,0.004591217794302372,0.003497215986867021,0.006517994344933901,0.024309224828464975,0.999982485015626,0.999982485015626,2.4202556448319727e-06,20.0,4096.0,6.25e-05,0.21329227188666122,0.044727690006405474,1.0,nan,2000.0,1e-07,0.022542920043524317,2.3093229742725714,0.5152127334242057,4096.0,0.6199927415086681,0.33332763009155775,64.0
11.0,2.5419114164946985e-05,9.163341713889018,1.215539252509028e-13,0.0445511879111494,0.6290653732122667,0.42545074123284066,0.7657665683319731,0.8121633358917493,0.8978216366026177,-0.0008195533645959574,0.004974680537233163,0.003728866960276296,0.007083116560441666,0.017242661009774833,,,,,,,,,,,,,,,,,,,
12.0,2.6492789818327504e-05,9.163339201299655,1.5984739312865562e-13,0.044551048349358,0.6279788199295873,0.42431037976900393,0.7717236928064145,0.8160875724077795,0.8911681986747272,-0.0009044272310876525,0.0050670308072869085,0.0036274137934799856,0.006513058772508871,0.02143312664544019,,,,,,,,,,,,,,,,,,,
13.0,2.461472501863992e-05,9.163336611920645,1.808038729020062e-13,0.0445509156575649,0.6339396417626477,0.4317391309968795,0.7776275944720266,0.8198350279664184,0.872681507013332,-0.0006819315111691676,0.0049142338601977885,0.003648125982669794,0.006410793311320867,0.02565179440416592,,,,,,,,,,,,,,,,,,,
14.0,2.390681804329198e-05,9.163334294676117,2.0783998062257267e-13,0.04455078882415876,0.6237657085552881,0.4190994352915206,0.7673330866249187,0.809735436996414,0.8546601150480777,-0.0007717002591591735,0.004828177373844674,0.003628476665323332,0.006963430500149324,0.025692493073690103,,,,,,,,,,,,,,,,,,,
15.0,2.4256231984602937e-05,9.163332017336435,2.284974759471177e-13,0.044550657607121555,0.632450660646154,0.42975859899633223,0.7778911999514513,0.8252141019426721,0.8983635945966485,-0.0007634170297134027,0.0048655345465166006,0.0034025652999626374,0.006759066963147055,0.02315258645092648,0.9999829374832441,0.9999829374832441,1.631933736987444e-06,20.0,4096.0,6.25e-05,0.18300853314572993,0.04962508574658507,1.0,nan,2000.0,1e-07,0.024657107794044064,2.345557661796615,0.5467873298974832,4096.0,0.6199927415088269,0.33345730210525704,64.0
16.0,2.6996980540403274e-05,9.163329793885056,2.375541951509286e-13,0.04455051932010014,0.6273350204045941,0.4235424978907061,0.7664523997415726,0.8050435878541583,0.8577428070910452,-0.000757634590493568,0.005140327846323707,0.003479464536346867,0.007411112812762216,0.026502046362344114,,,,,,,,,,,,,,,,,,,
17.0,2.622465038967897e-05,9.16332643272149,2.5584832854642904e-13,0.04455037843700717,0.6312673835298099,0.42888525939421895,0.7750383279699162,0.8217713957749253,0.8699584232129445,-0.000763192601126709,0.005063811552898115,0.0038513266792101104,0.007850419041467323,0.02076807515513485,,,,,,,,,,,,,,,,,,,
18.0,2.4013558259646297e-05,9.163324117564894,2.8633699645577715e-13,0.04455025086324428,0.6326558699749444,0.43035922204942767,0.7735029405215242,0.8179970955188233,0.8860379421871994,-0.0006703293559661051,0.0048542987973729385,0.0035818159501562054,0.007412036397805674,0.020644271115932984,,,,,,,,,,,,,,,,,,,
19.0,2.4693233050098922e-05,9.163321676159336,2.9910847340221745e-13,0.04455011837934324,0.630678250171881,0.427447210181522,0.7739036275259618,0.815924745126283,0.8858455842863926,-0.0008489970358876522,0.0048961655489937125,0.0037147294491673426,0.006180834373999029,0.02196474460346688,0.9999821470142428,0.9999821470142428,1.5030021258232244e-06,20.0,4096.0,6.25e-05,0.21277542034782185,0.05437361293832636,1.0,nan,2000.0,1e-07,0.021472816225747815,2.3291603476628344,0.49078587901276194,4096.0,0.619992741508915,0.33370639021667986,64.0
20.0,2.5308726499517513e-05,9.16331880227068,3.1826304542020114e-13,0.044549988717945736,0.627493677983074,0.42411855710406654,0.7705671795676506,0.8164613291588609,0.8754621678761446,-0.0008796077478226174,0.0049532834271307285,0.0033599293980419837,0.006282623162990255,0.020063405935101117,0.9999820396624715,0.9999820396624715,1.839060347479005e-06,20.0,4096.0,6.25e-05,0.1916585874055905,0.04778630310543212,1.0,nan,2000.0,1e-07,0.02530162451214024,2.3309231752069524,0.5509760304513439,4096.0,0.6199927415089422,0.3337765339071326,64.0
21.0,2.8194092533021174e-05,9.163316334554949,3.2632739925431127e-13,0.044549850526849274,0.6293224722858406,0.42597188702433786,0.7711996244105706,0.8099199041724332,0.902420238058937,-0.00084342680456231,0.005242396757053684,0.0033761617542232814,0.006951309308288607,0.026693430643121647,,,,,,,,,,,,,,,,,,,
22.0,2.3209149865881665e-05,9.163314045351276,3.648115523410613e-13,0.04454972552155697,0.6320214304552334,0.4300358032728262,0.7787741662448304,0.8212287420489992,0.900168668461592,-0.0008313404672582289,0.004745315889735955,0.003305897373050459,0.00596354784319687,0.02410124174501374,,,,,,,,,,,,,,,,,,,
23.0,2.5696544733243748e-05,9.163311189063826,4.063605085941538e-13,0.04454959354214068,0.6276119566728653,0.424284892568288,0.768477600416671,0.813274247005263,0.8832004037557639,-0.0008027995353278186,0.005005203056752162,0.003655373585870964,0.0071452568910433676,0.03229563537240199,,,,,,,,,,,,,,,,,,,
24.0,2.495942742620245e-05,9.163308095847977,4.3231717645186763e-13,0.04454945666163481,0.6331346726663993,0.43094712341411406,0.7771002588904034,0.8210793599196233,0.8836885009083753,-0.0008747076575213506,0.004918771588524513,0.0033947602599310924,0.006381224414040616,0.016665051278098815,,,,,,,,,,,,,,,,,,,
25.0,2.634434316014586e-05,9.163305318041942,4.4380392612310254e-13,0.04454931888616269,0.6311281200718446,0.42814623396648216,0.7698001162545872,0.8154893052326885,0.9098710247496724,-0.0007359526351276237,0.005079637475154557,0.003797385651845717,0.007217649218814505,0.02243853803064655,0.9999816298531846,0.9999816298531846,3.3415914598256216e-06,20.0,4096.0,6.25e-05,0.1825611900316025,0.0394513538664644,1.0,nan,2000.0,1e-07,0.06194866710145541,2.369403814800894,0.9257698551972332,4096.0,0.619992741509032,0.3334136000585103,64.0
26.0,2.510992692506722e-05,9.163302686478794,4.697621148832811e-13,0.04454919123196105,0.6306119079926011,0.42729762317842657,0.7715027340542904,0.8161536353788523,0.8970063518749473,-0.0008221768783343124,0.00494307112085186,0.0036409294804729078,0.006489769812970861,0.017733070414556212,,,,,,,,,,,,,,,,,,,
27.0,2.358625999227019e-05,9.163299789354896,4.898395071183393e-13,0.0445490688274298,0.6275865445727172,0.423915794612294,0.7757841979894358,0.814899640156489,0.8676696623103044,-0.0007743765670412708,0.004794434369629807,0.003694282075486161,0.006710876593200535,0.024019896249771383,,,,,,,,,,,,,,,,,,,
28.0,2.3613319562644066e-05,9.163297689780807,5.303919615530799e-13,0.04454894836583963,0.6318067288768754,0.42889421147759293,0.76632845357771,0.8118944222350808,0.870278263078764,-0.0007319032560212252,0.00480391894045576,0.003807552121830176,0.007847481782700531,0.02475285155093715,,,,,,,,,,,,,,,,,,,
29.0,2.4619919565397724e-05,9.163295282117959,5.61863532972329e-13,0.044548818637316516,0.6300619171431229,0.4265594053799214,0.767970941657791,0.8071788121366463,0.8693616023642464,-0.0009769762645967404,0.004864713449301236,0.0035413096625365355,0.005962376350701017,0.01765437621685737,0.9999823638480689,0.9999823638480689,1.595176955331557e-06,20.0,4096.0,6.25e-05,0.18576735419887425,0.03670899777442949,1.0,nan,2000.0,1e-07,0.04948094764203459,2.352033014971022,0.8227091935915931,4096.0,0.6199927415092291,0.3332046231008881,64.0
30.0,2.5405952872502963e-05,9.163292257774895,5.90948067639207e-13,0.04454867781224384,0.6321999412311637,0.42931313247740127,0.7745275331316491,0.8254756940313188,0.879470547781068,-0.0009374025016220356,0.004952497291514223,0.003520025574261863,0.006212573174664235,0.01941456993675129,0.9999811860676335,0.9999811860676335,4.6320028387690705e-06,20.0,4096.0,6.25e-05,0.1820753075581115,0.038895102447240856,1.0,nan,2000.0,1e-07,0.027543947304614957,2.3549882989997695,0.581834862586578,4096.0,0.6199927415093074,0.3336355602565914,64.0
31.0,2.5114705432122686e-05,9.163289446832557,5.925630584774589e-13,0.04454854042295183,0.6312198046172053,0.42871734240052134,0.7781123509519235,0.8298617701367377,0.873588540518839,-0.0007458123103363285,0.004955650252981285,0.003648389266204584,0.00674649686198259,0.02465514950608095,,,,,,,,,,,,,,,,,,,
32.0,2.4547404009851345e-05,9.163287002524523,6.277057859788572e-13,0.04454841074336694,0.6371324792791387,0.436512184604791,0.7795665471384019,0.8196086911805257,0.8853077495151646,-0.0007125131570073649,0.004903032634089105,0.003678846347526545,0.0072629682137048315,0.023978478985760717,,,,,,,,,,,,,,,,,,,
33.0,2.4297062789051324e-05,9.163284737221232,6.666363657235441e-13,0.044548272685356376,0.6328988378795124,0.4309541960923849,0.7819054528229907,0.8341881923094024,0.913680420445496,-0.0010607714940673195,0.0048137123539349035,0.003267507068783063,0.005520075480180668,0.021171356529995095,,,,,,,,,,,,,,,,,,,
34.0,2.553835842982241e-05,9.163281769225858,7.089125673689061e-13,0.04454813529255424,0.6303647387622616,0.42774762008055073,0.7722685719518054,0.8141006893807402,0.8856969845517636,-0.0008870758640619433,0.004975083400428696,0.0036432565588300266,0.005909444503918353,0.01940866614221884,,,,,,,,,,,,,,,,,,,
35.0,2.5476450483214674e-05,9.163279426585905,7.146614147358059e-13,0.04454800406484634,0.6316748895997378,0.429512090360582,0.7731429444046151,0.8066354241984637,0.8773724085968226,-0.0008749017796743482,0.004971015727106215,0.0035652979505041765,0.006596904173017114,0.026027014730949483,0.9999810899045856,0.9999810899045856,3.312352268580301e-06,20.0,4096.0,6.25e-05,0.18620325114103417,0.03688347949473396,1.0,nan,2000.0,1e-07,0.030811820175310478,2.316210668320596,0.6015258324638975,4096.0,0.6199927415095293,0.33364449806158303,64.0
36.0,2.628507436631202e-05,9.163276322323618,6.971527392264674e-13,0.04454785688676901,0.6361444394989779,0.43501720918103315,0.77197479929485,0.8131853289439828,0.881626647076708,-0.0008702085140396415,0.0050525054684191035,0.0035376856372603734,0.006401340040075151,0.030390260356603204,,,,,,,,,,,,,,,,,,,
37.0,2.5683561691973686e-05,9.163273982776134,7.105567771813967e-13,0.04454772343727698,0.6283372660720119,0.425042928227001,0.772219005785089,0.8237397009606241,0.907196076320129,-0.0009859421778790236,0.004971064243585357,0.0033664357790511245,0.005871586959397719,0.019130620129612624,,,,,,,,,,,,,,,,,,,
38.0,2.6220871008919683e-05,9.163271006024747,7.867293408705957e-13,0.04454759114438902,0.6261996790442191,0.42240231741392115,0.7718020977380268,0.816057876815948,0.8714059217461285,-0.0008465955376728962,0.005050163067120905,0.0037627820123797106,0.007600675753270503,0.01684636465440874,,,,,,,,,,,,,,,,,,,
39.0,2.419702266929386e-05,9.163268668380137,8.235511754572565e-13,0.04454745745722467,0.6325017467743286,0.4306982871895874,0.7816862421766619,0.819005078832368,0.9278025457579762,-0.000582126846485725,0.0048844806278553745,0.0035725417723788968,0.0068585854062793265,0.024779761690838332,0.9999818504883513,0.9999818504883513,2.3567997104522606e-06,20.0,4096.0,6.25e-05,0.1892933321408576,0.03720073439543919,1.0,nan,2000.0,1e-07,0.0518114180697532,2.339905979801628,0.8016013035482459,4096.0,0.6199927415094226,0.33380060084292,64.0
40.0,2.6581263410987716e-05,9.163265913248496,8.648294981847838e-13,0.04454731717413972,0.6325295443454325,0.43013637985118763,0.7748007339236643,0.8122518928510923,0.8823706041442528,-0.0010110337093792783,0.005055598307766005,0.003250664048198712,0.006703783499670663,0.021321217446097475,0.9999811817677824,0.9999811817677824,2.714360427131156e-06,20.0,4096.0,6.25e-05,0.18758063387810764,0.03612892811202853,1.0,nan,2000.0,1e-07,0.011041576076272985,2.352360299892158,0.26463980528514863,4096.0,0.6199927415095852,0.333263483161495,64.0
41.0,2.4680529416360205e-05,9.16326379744623,9.244054210653138e-13,0.04454719205397708,0.6248093688766204,0.42056244052155606,0.7737449325242163,0.820342166574449,0.9249072593216815,-0.0008522718195308217,0.004894298944894338,0.0034110957556675627,0.005843214166545015,0.015262717432841626,,,,,,,,,,,,,,,,,,,
42.0,2.3549722465726696e-05,9.163261595779835,9.339065218668646e-13,0.0445470708966295,0.6279886266111054,0.42412280788038986,0.7716306663371653,0.8144073975435367,0.887483902470935,-0.0006850557713910755,0.004804208681542724,0.0036268891180672924,0.006559849994524491,0.02295630723106921,,,,,,,,,,,,,,,,,,,
43.0,2.633478796454862e-05,9.16325919506369,9.57480436304209e-13,0.04454693209474103,0.6320639157858033,0.43005240839386744,0.7675436811800459,0.8140229416073058,0.8759646011518006,-0.0009174522104196086,0.005049066191499652,0.00368293546659789,0.006384724562668062,0.022943916059438588,,,,,,,,,,,,,,,,,,,
44.0,2.3781472450250286e-05,9.163256910007725,1.0283578451822253e-12,0.044546815354010415,0.6278839508036239,0.42416780345718846,0.7727815056349496,0.8059169637004375,0.8973257004225843,-0.0008758024821086683,0.004797337017823804,0.003580504310376914,0.007156714499376038,0.026623115238808236,,,,,,,,,,,,,,,,,,,
45.0,2.4596692573248408e-05,9.163254573276026,1.1002057304298841e-12,0.044546687641670885,0.6301820722682165,0.4273955879595837,0.7717515949173676,0.8204573052139376,0.9024152146743208,-0.0008793001286773363,0.004880934731888599,0.00341003024959636,0.0061970248449527265,0.019326706599945363,0.9999805561802398,0.9999805561802398,3.129495659722621e-06,20.0,4096.0,6.25e-05,0.19289870815950466,0.038060907091168,1.0,nan,2000.0,1e-07,0.012534675554618957,2.3356531049497224,0.26449768563783,4096.0,0.6199927415098573,0.333753526713757,64.0
46.0,2.433231476372932e-05,9.163252297658781,1.150665504581238e-12,0.04454655761645141,0.6287240449671121,0.42431726896201605,0.7673255178828099,0.8101614615846344,0.889241949103581,-0.0009613263162376438,0.004838198681062848,0.003440669830274517,0.006285378392988982,0.023647748120214557,,,,,,,,,,,,,,,,,,,
47.0,2.4485201324691774e-05,9.163249647437427,1.2332447280333065e-12,0.044546430568291856,0.6284783285600642,0.4247173503747261,0.7733710080892755,0.810644353501962,0.8947243091497936,-0.0008721384623293882,0.004870788008856216,0.0035338253082848486,0.007150449702459214,0.020363061448815157,,,,,,,,,,,,,,,,,,,
48.0,2.4253472699468655e-05,9.16324735907454,1.3000833022815184e-12,0.044546306915372424,0.6360979466140916,0.4344252044933151,0.7741327915731413,0.8157208864345116,0.8877665314500884,-0.0010071260438276953,0.0048207022135071395,0.0033523133944432723,0.005918521291155299,0.01930095122803776,,,,,,,,,,,,,,,,,,,
49.0,2.5400644641648107e-05,9.163244788891634,1.3201143025807364e-12,0.04454616877589852,0.6253939898027737,0.42083029537482686,0.7719278036377581,0.8131045780473817,0.8771016823155251,-0.0008737251726607552,0.004963592344694217,0.003585934267573111,0.0069544544220039705,0.027343790225077613,0.9999821956777704,0.9999821956777704,2.3699157678585637e-06,20.0,4096.0,6.25e-05,0.20078063455199996,0.04187172474495643,1.0,nan,2000.0,1e-07,0.019107007932303466,2.353168736877144,0.4463789235228865,4096.0,0.6199927415102207,0.33311664279755737,64.0
50.0,2.570407674532074e-05,9.163242325492051,1.396080183719926e-12,0.04454603728701341,0.6256863827943338,0.42201984610125776,0.7778613181735179,0.8183942696405859,0.8846852844535158,-0.0008315095789137855,0.005001266696097636,0.0036485672179894717,0.00803447661267753,0.018565659436456536,0.999981531567816,0.999981531567816,4.072212246880346e-06,20.0,4096.0,6.25e-05,0.195429184725221,0.04110206555419338,1.0,nan,2000.0,1e-07,0.02721109249984177,2.328221140092828,0.5987968478182769,4096.0,0.6199927415102275,0.3335122408855578,64.0
51.0,2.4132252096114365e-05,9.16323980612788,1.507334559555421e-12,0.04454591360533277,0.6279032530312117,0.4239055442917057,0.7727071788513653,0.809348631321526,0.8633609525460618,-0.0006978668207688859,0.004862636527295073,0.0037155641605250505,0.006860021597564865,0.02178469597493896,,,,,,,,,,,,,,,,,,,
52.0,2.6180218641964244e-05,9.163236936712378,1.5390962364242359e-12,0.04454578064534445,0.6313195585570648,0.42874456715026277,0.7749887692138743,0.8175886591106379,0.8909523603571214,-0.0007506622229858739,0.005061296757644838,0.003696012248317109,0.007572565966410108,0.02173694818887919,,,,,,,,,,,,,,,,,,,
53.0,2.4276418534800756e-05,9.16323472360677,1.6033099976167163e-12,0.044545658221057924,0.6270590055721178,0.42312009724379196,0.7666674277506677,0.8171255393315499,0.9171000198553771,-0.000838218465637505,0.004855286638156914,0.0035925100873887617,0.006739418650057957,0.02491230525093902,,,,,,,,,,,,,,,,,,,
54.0,2.4793916133193387e-05,9.163232145730746,1.7108321792621462e-12,0.044545522616121165,0.6265742750784337,0.42297083975275684,0.7741031769201023,0.8154487105737576,0.887718261652356,-0.000939761724170921,0.004889863396351342,0.00347554947863607,0.0067122533267292015,0.024296982848750516,,,,,,,,,,,,,,,,,,,
55.0,2.6026700927449855e-05,9.163229527171959,1.7176913621151289e-12,0.04454538503060807,0.633577789113442,0.431753199106592,0.776583379849698,0.8246565885611726,0.8851984801238131,-0.0008723575242141518,0.0050264991074700106,0.0036190527695383417,0.006562265207537955,0.022431290603283777,0.9999808181289069,0.9999808181289069,6.119349848846444e-06,20.0,4096.0,6.25e-05,0.19310879431073663,0.04296867733819826,1.0,nan,2000.0,1e-07,0.03473024638161237,2.3453349972160837,0.6612467634483932,4096.0,0.6199927415108444,0.3335723416271291,64.0
56.0,2.424060526618026e-05,9.163226572744026,1.7543268651315088e-12,0.04454525423000362,0.6343747161812847,0.4325655176091467,0.7740338817309094,0.8183830193226873,0.8818038877436254,-0.0007777708698088353,0.0048616538071171896,0.0036378035796673595,0.0070165342033581355,0.019949570983469805,,,,,,,,,,,,,,,,,,,
57.0,2.6037979018150693e-05,9.163223562750913,1.835667953599031e-12,0.04454511430747074,0.6330230712710003,0.4308953083504764,0.7769921287380619,0.8161342435450499,0.8925640775736443,-0.0007345808148785143,0.005049591076964858,0.0037682493923954265,0.007461030023170722,0.023396899765338982,,,,,,,,,,,,,,,,,,,
58.0,2.6123879849289404e-05,9.163221634113706,1.8630974799429476e-12,0.04454498409694459,0.6353934092566712,0.43364177200108694,0.7817060442654719,0.8314863043647964,0.914167376277032,-0.0008695631562983164,0.005036639729670757,0.003673908482302019,0.0068046581563289245,0.02561708858022193,,,,,,,,,,,,,,,,,,,
59.0,2.3039845572139228e-05,9.163219425954983,1.9165423101011576e-12,0.04454486393121564,0.635051610377757,0.433623020843878,0.772503162093976,0.8123555076211599,0.8586647627612394,-0.0007834714014014984,0.0047356116960035055,0.003335714147794321,0.006447565020327963,0.02460248485020348,0.9999811986733675,0.9999811986733675,4.997293941219072e-06,20.0,4096.0,6.25e-05,0.19842584540369598,0.05284908845146739,1.0,nan,2000.0,1e-07,0.02546540604835068,2.3585040436564833,0.5455555034018816,4096.0,0.6199927415109976,0.33370905008836144,64.0
60.0,2.3075243632344745e-05,9.163217291531433,2.0311728768736652e-12,0.04454473848966124,0.6306588242548193,0.428284547869208,0.7719353828069735,0.8281075194841736,0.8828632169219257,-0.0007010166049571467,0.0047522436124339314,0.0034422861403786338,0.006099381533436166,0.02334129442778216,0.9999808885756665,0.9999808885756665,2.0413367643496516e-06,20.0,4096.0,6.25e-05,0.19282703789573594,0.04805070213093045,1.0,nan,2000.0,1e-07,0.020073875658816687,2.3380692168470296,0.4928538879820824,4096.0,0.6199927415111026,0.3331344712474903,64.0
61.0,2.6461669922816788e-05,9.163214640238895,2.0157544720930982e-12,0.04454459675953877,0.63047463248373,0.4274551985694658,0.7756470376774532,0.8178349700429617,0.8968031765094109,-0.0007802291633877148,0.005084575928768898,0.0037508100779903523,0.007122458590144672,0.021856814704963694,,,,,,,,,,,,,,,,,,,
62.0,2.472912547154445e-05,9.163212441662733,2.0120830995234965e-12,0.044544469008055976,0.6331276209212557,0.43058033127086676,0.7736756601988831,0.8246954086951394,0.8919921821483234,-0.0006788240243487452,0.004926289010554641,0.0037003222366657094,0.007417348489764532,0.021927102835668358,,,,,,,,,,,,,,,,,,,
63.0,2.4835553589284014e-05,9.163210385507787,2.0500222518571225e-12,0.04454434237048011,0.6283339098565017,0.4247443453430923,0.7752382865093258,0.8240865746528115,0.8930367439010791,-0.0009380224160310829,0.0048944527310320635,0.0035139903052146437,0.007301405810784284,0.02512392303209008,,,,,,,,,,,,,,,,,,,
64.0,2.5512493205581782e-05,9.163207489378618,2.1175606707283065e-12,0.04454420820331998,0.6318209328307973,0.42911996134890523,0.7714178220271452,0.8221283340989137,0.8823245398932943,-0.0008894900614531795,0.004972051954289879,0.0036528015025281244,0.007071351486042906,0.025819888938041477,,,,,,,,,,,,,,,,,,,
65.0,2.421220554150214e-05,9.16320506909183,2.1693080271794136e-12,0.04454408433302673,0.6352562930838996,0.4332575407641457,0.7732148655453872,0.818171408936221,0.8903600625880013,-0.000690326951917335,0.004871925106255089,0.0035585177048071564,0.00644546258852894,0.023887112632276893,0.9999815390778631,0.9999815390778631,1.972590612711882e-06,20.0,4096.0,6.25e-05,0.18011890308679862,0.046069060898306674,1.0,nan,2000.0,1e-07,0.025720314163018343,2.322589424556652,0.5360199158898352,4096.0,0.6199927415110975,0.33368079653498756,64.0
66.0,2.533971899405278e-05,9.163202975103019,2.2161537278383145e-12,0.044543957462121225,0.6276479141184129,0.42356549757565065,0.7654082263843597,0.8033623276404369,0.8986180351424583,-0.0006986357203227299,0.004985140632353506,0.003625840280136877,0.005912675460859155,0.01677266087715163,,,,,,,,,,,,,,,,,,,
67.0,2.5459740276305206e-05,9.163200902193125,2.273896480392135e-12,0.04454382236955691,0.6309334814021096,0.4279493570625464,0.7737905694498399,0.8181354365125392,0.921031994192358,-0.0008471097667577238,0.0049741476977839,0.003529142009579689,0.00703912452710045,0.025162581697278877,,,,,,,,,,,,,,,,,,,
68.0,2.414103548539678e-05,9.16319819859761,2.3085922839734533e-12,0.04454369989248626,0.6305431681666882,0.42766759684164557,0.7741517834946907,0.8226789754859993,0.9105921447170708,-0.0006956349043750145,0.004863859328271321,0.0037527940558051863,0.007764433536593459,0.02593673136135641,,,,,,,,,,,,,,,,,,,
69.0,2.7048553043072806e-05,9.163195609146706,2.353107146917892e-12,0.04454355505688574,0.6314274808519778,0.4288175033196621,0.7770980711779435,0.8202070758468497,0.8853347201206041,-0.0009421573220795435,0.005114772001128175,0.0037041124249218064,0.006281652212950489,0.020886022180420905,0.9999818633007325,0.9999818633007325,2.1367335530148284e-06,20.0,4096.0,6.25e-05,0.20048907865791657,0.05029327831713171,1.0,nan,2000.0,1e-07,0.018973529736642347,2.3510966587912954,0.39791586622975655,4096.0,0.6199927415117423,0.33387437158175604,64.0
70.0,2.4791630145384325e-05,9.163217086110961,1.9380569725216407e-12,0.04454473605666878,0.6282641144780876,0.42447555120564023,0.7700651112657872,0.8104128001621809,0.874021092672334,-0.0007613553203216179,0.004920565843640576,0.003417568743387546,0.007174870243528767,0.02207389640010788,0.9999811853230438,0.9999811853230438,4.326575576910411e-06,20.0,4096.0,6.25e-05,0.22009993472883374,0.05182861490040772,1.0,nan,2000.0,1e-07,,,,,,,
71.0,2.51045787597663e-05,9.163214668779467,1.98005323878252e-12,0.04454460012171017,0.6297092600741578,0.4263093337970534,0.7687147885643946,0.8165878408679809,0.9064861393639888,-0.0007334382166656302,0.004956475274033014,0.003553230206638771,0.0068890467769484745,0.016260055478826585,,,,,,,,,,,,,,,,,,,
72.0,2.5202883659500302e-05,9.163212510777637,2.0023524096762122e-12,0.0445444728407125,0.6302085826766786,0.42722877334403053,0.778074800632475,0.8228682455410429,0.8951225237009335,-0.0009398490430446573,0.00493148734519195,0.003467442025148966,0.006479001345112344,0.018501876939260274,,,,,,,,,,,,,,,,,,,
73.0,2.3679296723937896e-05,9.163210112580991,2.0718447006921778e-12,0.044544346583996516,0.6282014966342607,0.4249802791950825,0.7707608348990622,0.8289794596174067,0.9029835097936126,-0.0008121179399769023,0.004797891325937423,0.0036056984674076712,0.006649766558749685,0.02794912988918931,,,,,,,,,,,,,,,,,,,
74.0,2.4466062121336252e-05,9.163207508425604,2.130667593506922e-12,0.04454421571704204,0.6338861238827453,0.4321624311449398,0.771791528623105,0.8105980285200343,0.9005624455937751,-0.0008083446414833864,0.004879819777606684,0.0036838185115679978,0.006299009080330473,0.023088866570060554,0.9999775122808945,0.9999775122808945,6.214652553297219e-06,20.0,4096.0,6.25e-05,0.21036052601596786,0.0,0.0,nan,2000.0,1e-07,0.02574627209174618,2.3191503157396736,0.527070943212649,4096.0,0.619992741511003,0.3338748536975985,64.0
75.0,2.5814766647619805e-05,9.163204907307948,2.165210875151827e-12,0.044544083776965906,0.6329859505521412,0.4310200209272992,0.7822313724086144,0.829122331589915,0.8725071375531558,-0.0008244989985018067,0.005013478637541933,0.0037760270335743737,0.006762299685292949,0.02263843303190817,,,,,,,,,,,,,,,,,,,
76.0,2.5741210649341865e-05,9.163202361122483,2.202118047059969e-12,0.04454395113589144,0.6305997511415713,0.4270575855168697,0.7709031733050555,0.8167783034553219,0.8737169046497183,-0.0010254685390697893,0.0049688655571186405,0.003204862989680689,0.006227873637288278,0.021307419655503174,,,,,,,,,,,,,,,,,,,
77.0,2.382751903053638e-05,9.16319996883409,2.2444902221550266e-12,0.044543828269083,0.6260840044085071,0.42143539075313585,0.7680217463966558,0.811941809691544,0.8609721828659438,-0.0006959941827188175,0.004831470907307416,0.003775570971284514,0.0064465355514589226,0.023886783277410506,,,,,,,,,,,,,,,,,,,
78.0,2.4580284622492094e-05,9.163197792268756,2.269359597593109e-12,0.04454370523959818,0.6293423742892567,0.42609116934849084,0.7748491888102689,0.8217652477525079,0.879446163241262,-0.0007436259106045693,0.004901765511279545,0.0036257102092884866,0.006847264453668647,0.026387594931042944,,,,,,,,,,,,,,,,,,,
79.0,2.626013752558777e-05,9.16319498011127,2.3179028550688877e-12,0.04454356734585169,0.6336969413109451,0.4315110019543792,0.7833018653834797,0.8222592855219117,0.9023793383043326,-0.0008884441255574971,0.005046860862095382,0.003548077963453067,0.007061746553763296,0.02376983548523692,0.9999816108729205,0.9999816108729205,4.051738934063324e-06,20.0,4096.0,6.25e-05,0.2102329233931934,0.041585694309830785,1.0,nan,2000.0,1e-07,0.03142683066581997,2.3717404374537887,0.6243507315845521,4096.0,0.6199927415116284,0.33376523289714866,64.0
80.0,2.1367303845417902e-05,9.16319300734285,2.4335937329164134e-12,0.04454345324785679,0.630880455602783,0.42799211789028413,0.7763664458456363,0.8227091902284599,0.8702982279883259,-0.0006787551958667026,0.004572373041375983,0.0034888222439153236,0.006385233003379136,0.024307216581978885,0.9999826290440401,0.9999826290440401,2.5851389632550798e-06,20.0,4096.0,6.25e-05,0.18834891811507112,0.04877562163356883,1.0,nan,2000.0,1e-07,0.0178857085787969,2.2942082748220933,0.4005785824219364,4096.0,0.6199927415117187,0.33358950530971154,64.0
81.0,2.5198659596639062e-05,9.163190250036978,2.4340182745067943e-12,0.04454331125683939,0.6290653771921768,0.4254507502242332,0.7657666463445731,0.8121637147139824,0.897821362640156,-0.0008200841817731275,0.004952385438497751,0.003722088246713957,0.0069979387683305385,0.017242885898222444,,,,,,,,,,,,,,,,,,,
82.0,2.627631270381933e-05,9.163187811772142,2.5598493878680654e-12,0.0445431729465173,0.6279788194533884,0.4243103783510263,0.7717237506542558,0.8160883374619972,0.8911681517886769,-0.0009049959145384982,0.00504552228203265,0.003592539858214744,0.006513724920602564,0.021429181797647488,,,,,,,,,,,,,,,,,,,
83.0,2.4395736717858606e-05,9.163185292486435,2.593176988802305e-12,0.04454304145272005,0.633939641328173,0.4317391269805877,0.7776272876322816,0.8198351389355173,0.8726818497425011,-0.0006824330547365288,0.004891832156121219,0.003636833882373499,0.006344562055283395,0.025646882656868226,,,,,,,,,,,,,,,,,,,
84.0,2.370688120065475e-05,9.163183041914742,2.660786642751707e-12,0.044542915777857774,0.6237657000626161,0.4190994254112023,0.7673330941335739,0.809735384319727,0.8546599849875275,-0.0007722851341125617,0.0048073336551859485,0.0036254912531105813,0.006929006808804649,0.02568980492937572,,,,,,,,,,,,,,,,,,,
85.0,2.40569465084635e-05,9.163180831965173,2.6933871268290895e-12,0.04454278575342095,0.632450672126943,0.42975861235167967,0.7778909657628594,0.8252136137933863,0.8983632919720781,-0.0007639166527882771,0.004844933214818988,0.0034026801498992605,0.006748730562693199,0.023150221787853927,0.9999787948462935,0.9999787948462935,7.219775068176754e-06,20.0,4096.0,6.25e-05,0.1971351016706829,0.04637514425497361,1.0,nan,2000.0,1e-07,0.019152645249848055,2.3438725153153848,0.4613472104520519,4096.0,0.6199927415118864,0.3337931714578573,64.0
86.0,2.6768494726177758e-05,9.163178684230987,2.6801712395003422e-12,0.04454264874429015,0.6273350318283172,0.4235425117882997,0.7664523133568292,0.8050440333647693,0.857742905639121,-0.0007581795967778458,0.005117974054761077,0.0034749749088561054,0.0074128469070730155,0.026497703902256843,,,,,,,,,,,,,,,,,,,
87.0,2.6022325736094564e-05,9.163175388677564,2.710005362543362e-12,0.04454250901662164,0.6312673870045148,0.42888526504903557,0.7750381324949596,0.8217711757757787,0.8699584697953094,-0.0007637417806693252,0.005043711354603335,0.003847226734414314,0.007824404192572172,0.020762537998940518,,,,,,,,,,,,,,,,,,,
88.0,2.381014312903611e-05,9.163173139618564,2.773087476236172e-12,0.04454238260525231,0.6326558671092885,0.43035921778523645,0.7735032308442494,0.8179969405846985,0.8860379541567612,-0.0006709664893647396,0.004833212916806549,0.0035694002695641886,0.0074068223030171665,0.020641807510899442,,,,,,,,,,,,,,,,,,,
89.0,2.4493521671812418e-05,9.163170762162343,2.7722331264539545e-12,0.04454225127145679,0.6306782510366568,0.4274472130462026,0.7739034624207217,0.8159247643054544,0.8858453708273708,-0.0008495038391708046,0.00487563994764241,0.0037147344178224337,0.006050435004994014,0.021961755672696207,0.9999784105386216,0.9999784105386216,6.713650811962117e-06,20.0,4096.0,6.25e-05,0.2041238915256077,0.04220762613862271,1.0,nan,2000.0,1e-07,0.02833536093528488,2.354485014842608,0.5943586900715495,4096.0,0.6199927415119894,0.33334149138547275,64.0
90.0,2.510802189828645e-05,9.16316795175821,2.800152533534837e-12,0.04454212269122426,0.6274936786534094,0.42411855864204123,0.7705672846176406,0.816461404975041,0.875461913960585,-0.0008801391452763732,0.004932887286695149,0.0033507306176605123,0.006184598891339385,0.020059296739678635,0.9999806178045765,0.9999806178045765,4.092691917629422e-06,20.0,4096.0,6.25e-05,0.20517366123950187,0.03793554890247359,1.0,nan,2000.0,1e-07,0.012775679897579328,2.3302954984078283,0.31757149265946255,4096.0,0.6199927415118792,0.3335966660178904,64.0
91.0,2.7961749924689532e-05,9.163165555729819,2.7901891118403818e-12,0.04454198573001146,0.6293224798183398,0.4259718986113316,0.7711997185394497,0.8099197719019846,0.9024200751267418,-0.0008439524476596414,0.00522010480649372,0.003357162911145098,0.006951994192232931,0.02669033995945561,,,,,,,,,,,,,,,,,,,
92.0,2.3007945114810956e-05,9.163163332848422,2.8649880798733855e-12,0.04454186190261463,0.6320214354516331,0.43003580928174934,0.7787741758980647,0.8212288556247305,0.9001685802843137,-0.0008319390038013538,0.004723962596037882,0.003303147022543941,0.005903384034296794,0.023962512297017978,,,,,,,,,,,,,,,,,,,
93.0,2.549175410104168e-05,9.163160542032815,2.9466660124696057e-12,0.04454173106009629,0.6276119578596883,0.4242848931701967,0.768477597127559,0.8132741479492164,0.883200357452914,-0.0008033347938967935,0.004984617067534523,0.003654325260213939,0.0070497792192917175,0.03215799411756466,,,,,,,,,,,,,,,,,,,
94.0,2.474911279002769e-05,9.163157519193359,2.9829626305984468e-12,0.044541595368290485,0.6331346732392907,0.4309471248332262,0.7771005486469311,0.8210794429276058,0.8836885601600932,-0.0008752516343992876,0.004897248959008421,0.003382709547776915,0.006379134733816369,0.016663856277900672,,,,,,,,,,,,,,,,,,,
95.0,2.6133871377160134e-05,9.163154810250155,2.967533153041373e-12,0.04454145879895122,0.6311281272477484,0.42814624460066225,0.7698001905784716,0.8154893109116372,0.9098711245114626,-0.0007365016657397905,0.0050587979474893685,0.003796419385924771,0.007085744158426247,0.02243342207858162,0.9999834578128912,0.9999834578128912,1.443315292680321e-06,20.0,4096.0,6.25e-05,0.184865922398415,0.04387830136374644,1.0,nan,2000.0,1e-07,0.01708987692197883,2.338830400389334,0.40953055747249884,4096.0,0.6199927415122524,0.3334482706506212,64.0
96.0,2.488449960004142e-05,9.163152248682453,2.9933736970505295e-12,0.044541332327321256,0.6306119097674728,0.4272976247667829,0.7715026600260003,0.8161538292911119,0.897006249657943,-0.0008226899573753973,0.004920130164342717,0.0035964758122608203,0.00647284032752057,0.017597180034145093,,,,,,,,,,,,,,,,,,,
97.0,2.3392776142564378e-05,9.16314941322456,3.0047501972675795e-12,0.044541210969754295,0.6275865497808049,0.4239158020316847,0.7757843329121512,0.8148992220654127,0.867669743657002,-0.0007749119462831602,0.004774126895891229,0.0036876043534582676,0.006714806664280505,0.024018246598996693,,,,,,,,,,,,,,,,,,,
98.0,2.343098241213283e-05,9.163147372289353,3.0755776638812777e-12,0.0445410915796972,0.6318067327919897,0.4288942166105963,0.7663284612572443,0.8118943249285359,0.8702781939215374,-0.0007325039389599837,0.004784811426957278,0.003807052464467801,0.007776449789603513,0.0247493679786625,,,,,,,,,,,,,,,,,,,
99.0,2.442136648840029e-05,9.163145029579274,3.1210383117896256e-12,0.04454096300927894,0.6300619141286329,0.4265594028987046,0.7679711559620318,0.8071788117667367,0.8693623150046738,-0.0009775310283523784,0.004844151068764126,0.0035422207995271173,0.005837047076485468,0.017654266387641473,0.9999801847929385,0.9999801847929385,4.385311998030276e-06,20.0,4096.0,6.25e-05,0.19842168164238752,0.04321557711269397,1.0,nan,2000.0,1e-07,0.01631435761956901,2.3486423930457683,0.41104482203036813,4096.0,0.6199927415126159,0.3331083286594464,64.0
100.0,2.5183574371337048e-05,9.163142080033364,3.1566434099318285e-12,0.04454082344216399,0.6321999509357319,0.42931314770360685,0.7745274851387367,0.8254757993224815,0.8794709127890694,-0.000937939321441677,0.0049298929197935494,0.0035173068233011633,0.00609450539619345,0.01941129267735678,0.9999823716188331,0.9999823716188331,1.4096845408959238e-06,20.0,4096.0,6.25e-05,0.18803117631846994,0.03959203758083457,1.0,nan,2000.0,1e-07,0.02294353385302772,2.321549500227289,0.509349516156571,4096.0,0.6199927415122383,0.33355869961674206,64.0
101.0,2.4891211738548576e-05,9.163139342000708,3.128518012438886e-12,0.04454068729984156,0.6312198078148554,0.4287173470719551,0.778112245931093,0.8298610834557725,0.8735885373467449,-0.0007464133492643357,0.004932958427818805,0.0036457211930372756,0.0067051583832594035,0.02465088058196429,,,,,,,,,,,,,,,,,,,
102.0,2.4345639353158918e-05,9.16313696428825,3.1751905626434725e-12,0.044540558778707565,0.6371324811699975,0.4365121863971494,0.7795660374991412,0.8196087136404085,0.8853080667705215,-0.0007131189645014247,0.004882325336929867,0.003677305318237229,0.007262217670464935,0.023975433546013787,,,,,,,,,,,,,,,,,,,
103.0,2.4100606228560413e-05,9.163134772038836,3.2243303791147397e-12,0.04454042198124429,0.6328988322454302,0.4309541889544501,0.7819058310252877,0.8341884302273896,0.9136802577297949,-0.0010612774299159893,0.004793150993377042,0.003268135408601261,0.005496657644580922,0.02116860743195486,,,,,,,,,,,,,,,,,,,
104.0,2.532305701917271e-05,9.163131875676216,3.279452636213003e-12,0.044540285799192836,0.6303647440179739,0.4277476284114611,0.7722681140366559,0.8141011397115125,0.8856972569896746,-0.0008876317729828958,0.00495329858324369,0.0036416773959903927,0.0058617955770952045,0.019405222418022377,,,,,,,,,,,,,,,,,,,
105.0,2.5273221400794423e-05,9.163129599426538,3.257817407720912e-12,0.04454015575275153,0.6316748819201827,0.42951207800906005,0.7731427076954808,0.806634873596479,0.877372302916558,-0.0008754595510984117,0.004950433513863709,0.0035655354376825355,0.0064669676453401,0.026021984387220705,0.9999811020642108,0.9999811020642108,2.5527475501831692e-06,20.0,4096.0,6.25e-05,0.18799767025245498,0.03889907842837164,1.0,nan,2000.0,1e-07,0.0129671796263795,2.3675936365278423,0.37192241847697666,4096.0,0.6199927415125237,0.3337456224754939,64.0
106.0,2.6086130801810918e-05,9.163126566706003,3.1860814153949323e-12,0.04454000982368577,0.6361444412962382,0.4350172108905708,0.7719751796681291,0.8131852745906376,0.8816260876882994,-0.0008707739833239727,0.00503268153887935,0.003528717365786473,0.0063753002013946965,0.030385896135630933,,,,,,,,,,,,,,,,,,,
107.0,2.546692828360853e-05,9.163124296307657,3.181330778016588e-12,0.044539877585965434,0.6283372777095538,0.42504294364290146,0.7722185132300958,0.8237394236230285,0.9071962828105532,-0.0009864720629858695,0.0049491212505410435,0.0033645350833226817,0.005862921664962289,0.019128796438317757,,,,,,,,,,,,,,,,,,,
108.0,2.601334096109971e-05,9.163121384729385,3.307316619613641e-12,0.044539746430314844,0.6261996849733561,0.4224023282581023,0.771802031732928,0.8160568370190443,0.871405435889018,-0.0008471444090832731,0.005029481813393769,0.0037633352709603917,0.00760120305819659,0.016841222981963253,,,,,,,,,,,,,,,,,,,
109.0,2.3981675305756023e-05,9.16311911680225,3.3483717388192456e-12,0.04453961397493759,0.6325017501706413,0.4306982930756032,0.7816866384947416,0.819004664438618,0.9278030033123263,-0.0005826543583937076,0.0048623234368356085,0.0035714963367229264,0.0067305723989567676,0.02477590436224801,0.9999809945518724,0.9999809945518724,4.1923786920488425e-06,20.0,4096.0,6.25e-05,0.19614117966960054,0.041595712575158095,1.0,nan,2000.0,1e-07,0.007234761326542993,2.3457950705359174,0.2066018857722072,4096.0,0.6199927415129104,0.3336513130485099,64.0
110.0,2.465357655789542e-05,9.1631168200937,3.361750147713201e-12,0.04453948685901915,0.628264117276155,0.4244755536599773,0.7700658383788209,0.8104127617026038,0.8740209161868123,-0.0007617125713758748,0.004906462118115595,0.0034175858099400815,0.0071749043768623505,0.022070700485261368,,,,,,,,,,,,,,,,,,,
111.0,2.496453230595691e-05,9.163114450475907,3.4008069797625992e-12,0.04453935175742299,0.6297092664921238,0.42630934451589936,0.7687148909121206,0.8165864664977833,0.9064861302411514,-0.0007338076848563224,0.004942272613646753,0.0035533342153552245,0.006889254246527615,0.016256047171437298,,,,,,,,,,,,,,,,,,,
112.0,2.5063723598045774e-05,9.163112337256827,3.4165441349356907e-12,0.04453922525082884,0.6302085841519057,0.4272287758435458,0.7780747949548606,0.8228678315635625,0.8951232609468079,-0.0009401950459053439,0.004917291619753786,0.00346685025402108,0.006478669951687402,0.018500107037690575,,,,,,,,,,,,,,,,,,,
113.0,2.356079454757184e-05,9.163109979740312,3.489688391676572e-12,0.04453909971842267,0.6282014977508973,0.4249802790543953,0.770761053845074,0.8289790563905762,0.9029837024414268,-0.0008125328764134456,0.004785455555359293,0.0036058724928926117,0.0066479409986442825,0.027946110961648528,,,,,,,,,,,,,,,,,,,
114.0,2.43435664591641e-05,9.163107415915624,3.546775020729612e-12,0.04453896959644522,0.6338861218118143,0.4321624273365743,0.7717922201087458,0.8105973988464987,0.9005624438954911,-0.0008086999150086998,0.004867193329489699,0.0036830860604777586,0.006298144803515323,0.02308547242818991,0.9999823589479367,0.9999823589479367,1.144514834946744e-06,20.0,4096.0,6.25e-05,0.19460931663691647,0.0,0.0,nan,2000.0,1e-07,0.033065158238756776,2.2846330021814247,0.607069040513707,4096.0,0.6199927415125968,0.3338264521023702,64.0
115.0,2.567766778672511e-05,9.163104858061345,3.576698351910111e-12,0.04453883843367617,0.6329859550107062,0.43102002720108346,0.7822306225069088,0.8291210338026709,0.872506053049879,-0.0008248291217277573,0.004999732463509915,0.0037733373409242115,0.006674123549436672,0.02263444358972001,,,,,,,,,,,,,,,,,,,
116.0,2.560564248629713e-05,9.163102357580788,3.605913458116044e-12,0.044538706575200634,0.6305997514618501,0.42705758472260785,0.7709036400180683,0.8167778233342367,0.8737160717632911,-0.0010258363582477798,0.00495512888353008,0.0031978993568011886,0.0062281271578488555,0.021304811509685714,,,,,,,,,,,,,,,,,,,
117.0,2.3699173274868566e-05,9.163100004770723,3.644111231619588e-12,0.04453858444545845,0.6260840036897549,0.4214353890132761,0.7680220723170609,0.8119420331513233,0.8609708563489455,-0.000696344089294764,0.004818119776860349,0.003775689530773967,0.006444531666235899,0.023882410172053673,,,,,,,,,,,,,,,,,,,
118.0,2.4442299405127075e-05,9.163097870803925,3.6579471093410115e-12,0.044538462166772784,0.6293423785441449,0.4260911746889816,0.7748485622986215,0.8217641657600641,0.8794460540967951,-0.0007439749773992564,0.00488761707155244,0.003603022725673029,0.006819718980316811,0.026296815400972555,,,,,,,,,,,,,,,,,,,
119.0,2.6120112838723405e-05,9.16309510416047,3.701952524856389e-12,0.044538325075752894,0.6336969406714474,0.43151100170636403,0.7833005451716122,0.8222584271859543,0.9023790846930219,-0.0008887731989489241,0.005032911189317123,0.0035345027874240645,0.007059348201783149,0.023766977357041762,0.9999804599015197,0.9999804599015197,3.85059188613802e-06,20.0,4096.0,6.25e-05,0.20506522302000807,0.0439879536711691,1.0,nan,2000.0,1e-07,0.012110075961097366,2.3451677441304337,0.33474806123949746,4096.0,0.6199927415135393,0.33426990244680305,64.0
120.0,2.125392511659263e-05,9.163093169518213,3.83048693043448e-12,0.04453821165536437,0.6308804528915195,0.4279921109203451,0.7763675372816453,0.8227096371364422,0.8702982310317551,-0.0006790974784678405,0.004559906987135949,0.0034895443390242807,0.006296807984987535,0.02430584134277424,0.9999824798008097,0.9999824798008097,1.4445856037751729e-06,20.0,4096.0,6.25e-05,0.1874913444154057,0.04420748114666515,1.0,nan,2000.0,1e-07,0.017805593764780525,2.315810797115585,0.43898311213469793,4096.0,0.6199927415131431,0.33348435158567746,64.0
121.0,2.5053268806756668e-05,9.163090462566782,3.816693072932411e-12,0.04453807053806837,0.6290653709701332,0.42545073890707463,0.7657663888213202,0.8121624376748082,0.8978218618924239,-0.0008204355716271854,0.004937626381123368,0.003704339132049249,0.006994861124421637,0.017242966601604827,,,,,,,,,,,,,,,,,,,
122.0,2.613354214348247e-05,9.163088073327563,3.95739374213544e-12,0.04453793305684295,0.6279788235264356,0.42431038372704877,0.7717234904569947,0.8160866472232272,0.8911681809939587,-0.0009053728673359294,0.005031286328025308,0.003592312239776566,0.006514125930756932,0.021426514299076424,,,,,,,,,,,,,,,,,,,
123.0,2.4251280346558206e-05,9.16308560027589,3.9841671264846134e-12,0.04453780235677117,0.6339396441026612,0.4317391292992346,0.7776282214130654,0.8198347291614033,0.8726812691528818,-0.0006827656884221025,0.004876998191641217,0.003621398423728598,0.00633336927399728,0.025643598284802827,,,,,,,,,,,,,,,,,,,
124.0,2.3575064268522267e-05,9.163083393669167,4.055318990837148e-12,0.04453767744943476,0.6237657068102125,0.41909943739534816,0.7673328905896033,0.809735550376322,0.8546599046892657,-0.0007726729234230485,0.0047935415740276155,0.0035580000371836402,0.006928579870719905,0.025687932002835888,,,,,,,,,,,,,,,,,,,
125.0,2.3925524496149297e-05,9.163081228152278,4.079820565255276e-12,0.044537548215146223,0.6324506774982909,0.4297586191639261,0.777891810381208,0.825213972349154,0.89836391448007,-0.0007642476068357815,0.004831299006643563,0.0034018649453141743,0.006732476862282665,0.023148495682817637,0.9999819531959725,0.9999819531959725,3.076094891094802e-06,20.0,4096.0,6.25e-05,0.19621992453573237,0.04241084119530183,1.0,nan,2000.0,1e-07,0.012484723030904532,2.3487093929722453,0.34978341123892787,4096.0,0.6199927415139528,0.33325213157593847,64.0
126.0,2.661775156762196e-05,9.163079130383634,4.0500109177987035e-12,0.044537412052853,0.6273350351725844,0.42354251393746667,0.766452589950355,0.8050427463613623,0.8577416393609859,-0.0007585404744637894,0.005103172338479488,0.00347473869383621,0.0074141751792915905,0.026494828523665494,,,,,,,,,,,,,,,,,,,
127.0,2.5888938556660593e-05,9.163075878088371,4.0728007044359295e-12,0.04453727309065673,0.6312673852183803,0.42888526165975677,0.7750389690720344,0.8217725173597604,0.8699586834077913,-0.0007641055002137,0.005030415623107474,0.003847881379166078,0.007736809682712073,0.02075880955544475,,,,,,,,,,,,,,,,,,,
128.0,2.3676041837147538e-05,9.163073672611912,4.133257901870455e-12,0.04453714744939806,0.6326558692292784,0.43035922136468613,0.773504824219635,0.8179982334528223,0.8860384696382422,-0.0006713888604136526,0.004819261233348944,0.0035698301874554105,0.00733906048222632,0.02064009228594796,,,,,,,,,,,,,,,,,,,
129.0,2.436191404429594e-05,9.163071337296012,4.118694436666713e-12,0.04453701687742913,0.6306782522931633,0.4274472153451616,0.7739036097256536,0.8159252578608592,0.8858458257849897,-0.0008498392334569928,0.004862066157671364,0.003706338154542708,0.00597888845781821,0.021959695619076784,0.9999828397021844,0.9999828397021844,1.469791810562345e-06,20.0,4096.0,6.25e-05,0.1940094829460494,0.03913745965619326,1.0,nan,2000.0,1e-07,0.030835579297554983,2.3561911686930257,0.5899960994601936,4096.0,0.6199927415132834,0.33353487883563354,64.0
130.0,2.497562604400137e-05,9.163068568784425,4.137909770333322e-12,0.044536889013681843,0.6274936753668331,0.42411855288376515,0.7705657785154084,0.8164600239541792,0.8754635254700366,-0.0008804909244113434,0.004919386321080164,0.003343627927104538,0.006094716631711508,0.020056483224939383,0.9999819100145231,0.9999819100145231,1.3040058279054528e-06,20.0,4096.0,6.25e-05,0.19180713738842226,0.039975389435683746,1.0,nan,2000.0,1e-07,0.030523873723352635,2.3534778805321737,0.6053041625277626,4096.0,0.6199927415128823,0.3332788046096446,64.0
131.0,2.7808458970537945e-05,9.163066220040212,4.114506184644049e-12,0.04453675286736583,0.6293224816619147,0.4259719000409865,0.7712004699830174,0.8099189038680298,0.9024211465780209,-0.0008443007989679556,0.005205344861908769,0.0033568897978968506,0.006952500248267811,0.026688191536931926,,,,,,,,,,,,,,,,,,,
132.0,2.2875362439118435e-05,9.163064040884674,4.190713928071725e-12,0.04453662982029527,0.6320214434146544,0.43003582057151024,0.7787735391617077,0.8212281268326125,0.9001694140682946,-0.0008323350837374262,0.004709838717779861,0.003292506032928292,0.005816650139928932,0.023870016333367133,,,,,,,,,,,,,,,,,,,
133.0,2.5356664797362866e-05,9.16306129324936,4.274518793986183e-12,0.04453649973106226,0.6276119470358984,0.42428487314843166,0.7684787416134617,0.8132730174672298,0.8832010314797409,-0.000803689254763465,0.004970990683871839,0.003641907658260379,0.007029230900184224,0.03206625815563294,,,,,,,,,,,,,,,,,,,
134.0,2.4610393548762182e-05,9.16305831684723,4.301916309845012e-12,0.0445363648269183,0.6331346751568544,0.4309471279789129,0.7771018021137021,0.8210790398213161,0.8836875448831817,-0.0008756121633519573,0.004883000807715711,0.0033828268955056087,0.00633745812460955,0.016662944782408748,,,,,,,,,,,,,,,,,,,
135.0,2.5995104943355744e-05,9.16305565330494,4.272426033659386e-12,0.044536229056580834,0.6311281337799131,0.4281462528710371,0.7698007007256804,0.8154891991309762,0.9098716274900287,-0.000736865671056493,0.005045010795446747,0.0037957729554918816,0.006997588595063918,0.0224299280528162,0.9999809097765571,0.9999809097765571,3.1741907436263944e-06,20.0,4096.0,6.25e-05,0.18425916659931343,0.041162852728562654,1.0,nan,2000.0,1e-07,0.017160747696143286,2.339650916381697,0.42008554114765234,4096.0,0.6199927415143166,0.3337366139930373,64.0
136.0,2.473574654150789e-05,9.163053137923862,4.288484979919071e-12,0.04453610336854817,0.6306119075963924,0.4272976185226429,0.7715022889851272,0.8161540827378784,0.8970063866205362,-0.0008230295464189733,0.004904933119547021,0.003558710003297056,0.006473155875046271,0.01750660148123119,,,,,,,,,,,,,,,,,,,
137.0,2.3265164427030712e-05,9.16305034315397,4.287383823169032e-12,0.04453598270473312,0.627586552932277,0.4239158048213165,0.7757846040653891,0.8148972595996955,0.867670371443502,-0.0007752663885399227,0.004760685502512319,0.0036838314314377413,0.006716973842828508,0.024017042830187157,,,,,,,,,,,,,,,,,,,
138.0,2.3310845346906586e-05,9.163048340851262,4.358471769997431e-12,0.04453586402439896,0.6318067374325957,0.42889422343592387,0.7663291583241555,0.8118938031766062,0.8702779993579738,-0.0007329022181096559,0.004772179762498111,0.0038067227907621027,0.0077749878022681795,0.024746965158260772,,,,,,,,,,,,,,,,,,,
139.0,2.4290521714513255e-05,9.163046040954162,4.399319116647371e-12,0.04453573622115491,0.6300619121360309,0.4265594010192278,0.7679715876770479,0.8071786815025634,0.8693639984427078,-0.0009778982514468191,0.004830552424343463,0.0035336367139425155,0.005796331497449232,0.01765410218148638,0.9999824348158769,0.9999824348158769,1.4176431521123234e-06,20.0,4096.0,6.25e-05,0.18386133462662052,0.036658715444202614,1.0,nan,2000.0,1e-07,0.04536438903131623,2.3324181464092515,0.7411766398153222,4096.0,0.6199927415142061,0.3334547178666376,64.0
140.0,2.5036906676283123e-05,9.163043140758937,4.429141970421153e-12,0.044535597487554306,0.6321999573589872,0.42931315831762346,0.7745270554007594,0.8254761221098113,0.8794723623787135,-0.0009382950053272414,0.004914927177411795,0.0035046660208606023,0.00606634801932014,0.019408996258798675,0.9999801772647754,0.9999801772647754,3.207588832912101e-06,20.0,4096.0,6.25e-05,0.19445099490959572,0.04262854758236325,1.0,nan,2000.0,1e-07,0.020212757745609933,2.345094813928655,0.4072400991080347,4096.0,0.6199927415140388,0.3336910256138146,64.0
141.0,2.4743298599143695e-05,9.16304045142566,4.380427958064818e-12,0.04453546218365491,0.6312197608447678,0.428717263652342,0.7781116263027578,0.8298586902407462,0.8735885549120712,-0.0007472828122279668,0.004917811199882764,0.003643868478635893,0.0066453721900247885,0.024647877472899996,,,,,,,,,,,,,,,,,,,
142.0,2.4212615317397974e-05,9.163038117632832,4.421728905494381e-12,0.04453533443003615,0.6371324838197547,0.4365121892933185,0.779564200293926,0.8196083176625233,0.8853082227215301,-0.0007135204729214229,0.004868624431204358,0.0036764297275762928,0.007206493931370512,0.023973345323148706,,,,,,,,,,,,,,,,,,,
143.0,2.397109695626341e-05,9.163035973544815,4.465929217700768e-12,0.044535198467592144,0.6328988290923958,0.4309541841620451,0.7819065173065354,0.8341890225931654,0.9136809020740057,-0.001061612369615285,0.004779547691251049,0.003268533093235938,0.005496461590460518,0.02116657783993351,,,,,,,,,,,,,,,,,,,
144.0,2.5181016092421644e-05,9.163033124457193,4.518521008935396e-12,0.044535063087905766,0.6303647515856986,0.4277476414228632,0.7722667261763461,0.8141024156762402,0.8856981836040717,-0.0008880001580768918,0.004938873536716349,0.0036335870374710126,0.005822014033127831,0.01940285112738936,,,,,,,,,,,,,,,,,,,
145.0,2.5139308180907525e-05,9.163030891962887,4.479812244643089e-12,0.04453493382394291,0.6316748681276781,0.4295120543927662,0.7731424360977661,0.8066337119414836,0.8773719899074416,-0.0008758292404386062,0.004936824011700261,0.003565673608382758,0.0063805605487255515,0.0260185338134388,0.9999800237952148,0.9999800237952148,5.023181615461051e-06,20.0,4096.0,6.25e-05,0.19991832038716417,0.04390864267829149,1.0,nan,2000.0,1e-07,0.014100544528754977,2.3295695947701827,0.3431597244290828,4096.0,0.6199927415138928,0.33357514568049,64.0
146.0,2.5954987649478256e-05,9.163027906429509,4.384301473471497e-12,0.04453478872249558,0.6361444359847418,0.4350172008890253,0.7719761011643262,0.8131853791856113,0.8816248809155189,-0.0008711491133165036,0.005019570387179179,0.0035282921640583226,0.006327650789118175,0.030382893125974215,,,,,,,,,,,,,,,,,,,
147.0,2.5324152864544997e-05,9.1630256816139,4.367500581934452e-12,0.04453465728744953,0.6283372841259941,0.4250429521053735,0.7722175169018649,0.8237387086373218,0.9071967671805363,-0.000986823375238367,0.0049346056063912696,0.00336325336988876,0.005838748832497827,0.019127477351031364,,,,,,,,,,,,,,,,,,,
148.0,2.587645287291771e-05,9.16302281301949,4.50175914559057e-12,0.04453452688535582,0.6261996916153723,0.4224023384486355,0.77180175014647,0.8160544155192838,0.8714044791547536,-0.0008475077523778353,0.005015793405093274,0.003763716041547076,0.007570219458652665,0.01683771060460669,,,,,,,,,,,,,,,,,,,
149.0,2.3839677720944082e-05,9.163020591050289,4.537567345995522e-12,0.044534395245951666,0.6325017473784588,0.4306982876419276,0.7816866226269201,0.819003722543623,0.9278035074996068,-0.0005830032757064014,0.00484765767164511,0.0035697640384402592,0.006642671081637747,0.02477326401724939,0.9999806429667026,0.9999806429667026,4.78197928657547e-06,20.0,4096.0,6.25e-05,0.16944267062757148,0.04848107492469229,1.0,nan,2000.0,1e-07,0.011306081068916507,2.329807363608497,0.23309651814217908,4096.0,0.6199927415139745,0.33323868777955595,64.0
150.0,2.451714615379451e-05,9.163018336987566,4.540992143608457e-12,0.04453426888281556,0.6282641196227114,0.4244755561372175,0.7700669570132959,0.8104125666486451,0.8740209452986153,-0.0007620695649282627,0.004892483636355319,0.0034176027897695727,0.007156556340921456,0.022067500060312027,,,,,,,,,,,,,,,,,,,
151.0,2.482613328945173e-05,9.163016014549553,4.573593227863712e-12,0.04453413460820467,0.6297092766177418,0.42630936126257735,0.7687149996732834,0.8165845319903081,0.9064863062651791,-0.0007341768888772982,0.004928196179667586,0.003537561943896756,0.00688946178614475,0.016252039122734898,,,,,,,,,,,,,,,,,,,
152.0,2.4927941744020383e-05,9.163013945674274,4.580594483217586e-12,0.04453400886570883,0.6302085735965703,0.4272287636965877,0.7780749262557886,0.8228673820228779,0.8951243763781435,-0.000940163361659405,0.0049034716882443265,0.003466254173592612,0.00645590309120069,0.018498340857460806,,,,,,,,,,,,,,,,,,,
153.0,2.3443751151919926e-05,9.1630116283728,4.651693662127367e-12,0.044533884052031805,0.6282014965293538,0.4249802751189348,0.7707613967830131,0.8289784639652519,0.9029838908634782,-0.0008129473914263753,0.004773140233713334,0.0036060456435592575,0.006646643160301449,0.027943098168459593,,,,,,,,,,,,,,,,,,,
154.0,2.4222634242683054e-05,9.163009104391563,4.703303604305037e-12,0.044533754669157585,0.633886118457485,0.4321624209771057,0.7717933485882364,0.8105962943518695,0.900562822207233,-0.0008090550439955892,0.004854695065446269,0.003682355581202712,0.006297282758553862,0.023082077639993603,0.9999828415435532,0.9999828415435532,1.9379600067697377e-06,20.0,4096.0,6.25e-05,0.18842515554941075,0.0,0.0,nan,2000.0,1e-07,0.04814418587165026,2.307300671250228,0.78418232066641,4096.0,0.6199927415148093,0.3332188229665812,64.0
155.0,2.5542223113252303e-05,9.163006589295303,4.725975301353421e-12,0.04453362427763932,0.6329859607332274,0.4310200345929573,0.7822294777152093,0.8291189870769741,0.8725044402517648,-0.0008251589844647036,0.004986114295080838,0.0037737035695021843,0.006586298982428686,0.022630455891734787,,,,,,,,,,,,,,,,,,,
156.0,2.547165966217754e-05,9.16300413402209,4.7458350759181554e-12,0.044533493195840254,0.6305997510719356,0.4270575829127213,0.7709044118795036,0.816777116457758,0.8737148510198941,-0.0010262039700024996,0.004941514451474229,0.003198075219586183,0.006228379948228443,0.021302201118060558,,,,,,,,,,,,,,,,,,,
157.0,2.357240803808542e-05,9.163001820206382,4.777241050272954e-12,0.04453337179732644,0.6260840037710571,0.42143538851287976,0.7680226559564857,0.8119425491669339,0.8609689513228305,-0.0006966939100691501,0.004804896006549775,0.0037758066996197424,0.00643135507112282,0.023878035713575673,,,,,,,,,,,,,,,,,,,
158.0,2.430589273792777e-05,9.16299972835794,4.7797317482936416e-12,0.04453325026369429,0.6293423839993202,0.42609118199538915,0.7748479091442722,0.8217627934684162,0.8794461016100111,-0.0007443236841824508,0.004873589538635033,0.00358857305852638,0.006818371277996335,0.0262063799053892,,,,,,,,,,,,,,,,,,,
159.0,2.5981757341943106e-05,9.162997006708984,4.816744877155232e-12,0.04453311396919772,0.6336969424530282,0.4315110050969318,0.7832986444623006,0.822257144266371,0.9023787534077189,-0.0008891021410501013,0.005019089033352888,0.003533956263598538,0.007056957923781433,0.023764116974486518,0.9999809023881696,0.9999809023881696,2.78137898127393e-06,20.0,4096.0,6.25e-05,0.1924932318361601,0.04277952672436947,1.0,nan,2000.0,1e-07,0.016217476366306216,2.3528466445100924,0.3703690456429668,4096.0,0.6199927415143593,0.333650487248085,64.0
160.0,2.1141895510826903e-05,9.162995109756226,4.950049026287033e-12,0.04453300122118306,0.6308804481565295,0.42799210009232214,0.7763691609416195,0.8227102925003518,0.8702984317408642,-0.0006794396012728694,0.0045475550946688995,0.003490266700659982,0.00629614407519121,0.024304467345849904,0.9999812626063309,0.9999812626063309,2.494789362766124e-06,20.0,4096.0,6.25e-05,0.20157239318773545,0.04653178884510804,1.0,nan,2000.0,1e-07,0.03928473974354407,2.368762025636383,0.6769731471788595,4096.0,0.6199927415148567,0.3336252918028792,64.0
161.0,2.4909546895453117e-05,9.16299245259982,4.9230550900252546e-12,0.04453286097094509,0.6290653626918226,0.4254507236030115,0.7657660509723833,0.8121605331212788,0.8978228581564024,-0.0008207868735458883,0.0049229925658757475,0.0037041710698903652,0.006991559293566513,0.017243045439876842,,,,,,,,,,,,,,,,,,,
162.0,2.5992425176873988e-05,9.162990111853995,5.069858724069119e-12,0.04453272431251515,0.6279788288390431,0.4243103911420634,0.7717229627652965,0.8160843453187062,0.8911681791734677,-0.0009057495576042715,0.00501717479422171,0.0035709588984495968,0.006514524421821583,0.021423847330861,,,,,,,,,,,,,,,,,,,
163.0,2.4108450141348065e-05,9.162987684532798,5.088797533023816e-12,0.044532594400174284,0.6339396477728413,0.43173913305754996,0.7776295468162808,0.8198342452994839,0.8726803414266388,-0.0006830982887174133,0.004862286177231797,0.0036215343731418755,0.00624746519539564,0.025640312456628303,,,,,,,,,,,,,,,,,,,
164.0,2.344480054438662e-05,9.162985521401293,5.1588043925754065e-12,0.04453247025451548,0.6237657183399853,0.41909945695375295,0.7673325894821031,0.809735868749855,0.8546600947526537,-0.0007730604181035981,0.004779872188076593,0.0035531946806118785,0.006917005426050196,0.025686058355586953,,,,,,,,,,,,,,,,,,,
165.0,2.3795647103142363e-05,9.162983399808873,5.174502563074873e-12,0.044532341804289194,0.6324506826569894,0.429758626445755,0.7778930147687584,0.8252145713630291,0.8983647999626475,-0.0007645784709416262,0.004817786510931647,0.003401890602751309,0.006674126868691062,0.02314676456464773,0.999982070381251,0.999982070381251,1.910250151043861e-06,20.0,4096.0,6.25e-05,0.19748290168052396,0.045163391291100474,1.0,nan,2000.0,1e-07,0.0204862238868313,2.365065682702692,0.49928543870016723,4096.0,0.6199927415148628,0.33379634400476343,64.0
166.0,2.6468717437313437e-05,9.162981351463783,5.1303806332054355e-12,0.0445322064824145,0.6273350369265351,0.42354251371158397,0.7664529582177808,0.8050409013369424,0.8577398576377634,-0.0007589013184004692,0.005088495477667585,0.0034705844231946743,0.007415468806953906,0.026491964063551775,,,,,,,,,,,,,,,,,,,
167.0,2.5757139038680675e-05,9.162978141931465,5.145204862257908e-12,0.0445320682797683,0.6312673830860416,0.42888525794443055,0.7750401152862956,0.8217744375543041,0.869959135005725,-0.0007644689380166664,0.005017242896401204,0.003834935865260079,0.007721406279854824,0.02075508410993499,,,,,,,,,,,,,,,,,,,
168.0,2.354352914232822e-05,9.16297597954239,5.200704010169738e-12,0.04453194340269721,0.6326558729618974,0.4303592278248884,0.7735069143505451,0.8179999927910231,0.886039144604981,-0.0006718108640318964,0.004805434351366891,0.0035702603825646904,0.00725372645447529,0.020638369226662664,,,,,,,,,,,,,,,,,,,
169.0,2.423190164865137e-05,9.162973685876205,5.173794440756408e-12,0.044531813586653285,0.6306782534601796,0.4274472174933389,0.7739039898442596,0.8159259657994736,0.88584651135652,-0.0008501744440357459,0.004848618882048772,0.0037061824207562386,0.005978719099661558,0.021957635796677158,0.9999831578057039,0.9999831578057039,2.2568260293317252e-06,20.0,4096.0,6.25e-05,0.1943404425217505,0.05006202511430211,1.0,nan,2000.0,1e-07,0.021192760229060137,2.3152002891795163,0.4648751924710374,4096.0,0.6199927415152781,0.33380206438268967,64.0
170.0,2.484473991261978e-05,9.162970958801923,5.184109401661202e-12,0.044531686433970694,0.6274936711910465,0.4241185456868199,0.7705637508380992,0.8164582743883262,0.8754657909210944,-0.0008808426341715993,0.0049060020552834475,0.0033437257646292155,0.006005189465341396,0.020053671007688338,0.9999819159835375,0.9999819159835375,3.3060546030546236e-06,20.0,4096.0,6.25e-05,0.2072833933247865,0.052005493389058556,1.0,nan,2000.0,1e-07,0.03236952857793485,2.345772725381067,0.5720735483532645,4096.0,0.6199927415153386,0.33352034261461816,64.0
171.0,2.7656920986895574e-05,9.162968656814739,5.148771919585826e-12,0.04453155109629263,0.6293224837492409,0.4259719018423705,0.7712015577311205,0.8099177111773006,0.9024225886690627,-0.0008446490623206102,0.0051907117959309294,0.0033516897241883553,0.00693625930771261,0.026686044097825,,,,,,,,,,,,,,,,,,,
172.0,2.2744387788576178e-05,9.162966520881906,5.222857815877482e-12,0.04453142882351183,0.632021453778298,0.4300358361895308,0.7787726216723216,0.8212273252493474,0.9001705710089759,-0.0008327307705454993,0.004695843614555629,0.003283325709266679,0.005774989186486419,0.023777867401532125,,,,,,,,,,,,,,,,,,,
173.0,2.5223128995894372e-05,9.162963815946144,5.305142358557341e-12,0.04453129948181814,0.6276119319673455,0.424284845768643,0.7684802974947703,0.8132714791402937,0.8832018814520494,-0.0008040435596153103,0.004957483529991352,0.0036412377810539436,0.007028376108147304,0.03197486527314092,,,,,,,,,,,,,,,,,,,
174.0,2.447326356368841e-05,9.162960885478794,5.323676564223495e-12,0.04453116535937003,0.633134677941765,0.43094713259960976,0.7771034869843749,0.8210786506234776,0.8836861637788663,-0.0008759724881525489,0.004868874178256021,0.0033829449703299446,0.006337377522869403,0.016662035136572485,,,,,,,,,,,,,,,,,,,
175.0,2.5857972821181785e-05,9.16295826682478,5.281978331847039e-12,0.04453103038190605,0.6311281418935082,0.42814626361066,0.7698013371742863,0.8154890645683177,0.9098725101228885,-0.0007372293810474278,0.005031348294533207,0.00379257279090275,0.006909225812489289,0.022426425321899337,0.999981176071485,0.999981176071485,2.621212677236266e-06,20.0,4096.0,6.25e-05,0.20512231547718443,0.04965937232643962,1.0,nan,2000.0,1e-07,0.015311313186164743,2.3390739548410626,0.4052469099162464,4096.0,0.6199927415141016,0.3336535871866215,64.0
176.0,2.458864573954631e-05,9.162955797131918,5.288689035253622e-12,0.044530905471552334,0.6306119038609785,0.4272976092518788,0.7715017778515283,0.8161545014698732,0.8970066961858935,-0.0008233690634692202,0.004889857781660743,0.0035575952645257357,0.006473475564139242,0.017416380465396904,,,,,,,,,,,,,,,,,,,
177.0,2.3139022412430174e-05,9.162953042609704,5.276443365499696e-12,0.04453078549624947,0.6275865559694699,0.4239158070914108,0.7757849717160973,0.8148946230799073,0.8676711134525157,-0.0007756206767790853,0.00474736084347745,0.003650110279616979,0.006718768239187617,0.024015839718675065,,,,,,,,,,,,,,,,,,,
178.0,2.3192186193633893e-05,9.162951078480189,5.345091195180225e-12,0.044530667520099404,0.6318067436701824,0.4288942330204682,0.7663300585683945,0.8118931963473127,0.8702776696822365,-0.0007333001615990861,0.004759669848490822,0.003806392196464218,0.007773524170941797,0.02474455961075565,,,,,,,,,,,,,,,,,,,
179.0,2.4161269059213573e-05,9.162948820905738,5.380197587239161e-12,0.044530540478128,0.6300619101044657,0.4265593992130831,0.7679721311659887,0.8071785740952226,0.8693661857787982,-0.0009782652297029844,0.0048170806718974245,0.003517578528503523,0.005797719229593409,0.017653935341281644,0.9999828062699179,0.9999828062699179,1.4418406742428944e-06,20.0,4096.0,6.25e-05,0.18903687973569747,0.04203905383671103,1.0,nan,2000.0,1e-07,0.01685606544246554,2.3401183522282554,0.38973131036794567,4096.0,0.6199927415158677,0.3336218679097923,64.0
180.0,2.4891931741807124e-05,9.16294596953098,5.403544108449413e-12,0.04453040257175133,0.6321999643508525,0.42931317035359556,0.7745265572159314,0.8254766727273904,0.8794742524166832,-0.000938650419042368,0.004900088482123431,0.0035030198896896904,0.006035278638317255,0.01940669093637201,0.9999799366077782,0.9999799366077782,5.3221713709889005e-06,20.0,4096.0,6.25e-05,0.17411170430479697,0.04930067629874873,1.0,nan,2000.0,1e-07,0.02418024105902017,2.3579564254072443,0.5205527040430425,4096.0,0.6199927415154477,0.33349711708811924,64.0
181.0,2.459751750048024e-05,9.16294332775633,5.338757335471133e-12,0.044530268087728184,0.6312197594553008,0.42871725998152643,0.7781108234577788,0.8298556068172306,0.8735884995518092,-0.0007476809188701997,0.004902906356849747,0.003612377203516706,0.006627349157177266,0.024644873526288896,,,,,,,,,,,,,,,,,,,
182.0,2.4081162452523373e-05,9.162941037392097,5.373973599373723e-12,0.0445301410957576,0.6371324875807157,0.4365121941744048,0.7795618471394737,0.8196078614235816,0.8853083825187452,-0.0007139215112753251,0.004855046707114333,0.0036755548810434298,0.007119364056944211,0.023971254639275498,,,,,,,,,,,,,,,,,,,
183.0,2.384312979256356e-05,9.162938940936828,5.412444073562009e-12,0.04453000596201676,0.6328988262511277,0.4309541798288653,0.7819074991859419,0.8341899348364377,0.9136818387572307,-0.0010619470787311697,0.004766067372009957,0.003246261722572207,0.005496265975076095,0.02116455556103456,,,,,,,,,,,,,,,,,,,
184.0,2.5040583487281597e-05,9.162936138618598,5.461026280879796e-12,0.044529871378677054,0.6303647608096914,0.42774765766200373,0.7722650284288625,0.8141040513981971,0.8856993903891744,-0.0008883683076462112,0.004924569548422624,0.003626359323462476,0.005820888080329448,0.019400480081864954,,,,,,,,,,,,,,,,,,,
185.0,2.500703662251557e-05,9.162933949373052,5.408796496523853e-12,0.044529742891124255,0.6316748509468081,0.4295120249779009,0.7731420650743197,0.8066322076284153,0.8773715850283313,-0.0008761986557265694,0.004923343633976662,0.0035658110674174496,0.006362909626176575,0.02601507982198809,0.9999822257205564,0.9999822257205564,2.0530436022345757e-06,20.0,4096.0,6.25e-05,0.20290951648692404,0.0547752796764239,1.0,nan,2000.0,1e-07,0.010576359252311152,2.3187054297911276,0.29792522583734066,4096.0,0.6199927415153317,0.33405798122235875,64.0
186.0,2.5825419713147898e-05,9.16293101049801,5.295315752219691e-12,0.04452959861097555,0.6361444284733103,0.43501718729041733,0.7719772424339715,0.8131855187494491,0.8816233644982577,-0.0008715239433150798,0.005006582240348842,0.0035246774246907686,0.00632623432221085,0.03037989044640135,,,,,,,,,,,,,,,,,,,
187.0,2.5183100210101043e-05,9.162928830750118,5.268381944919856e-12,0.04452946797244352,0.6283372903351645,0.4250429604464386,0.7722162401987719,0.8237377640504076,0.9071974107419538,-0.0009871745347666636,0.004920222215307889,0.0033566284833538387,0.005838180303745363,0.01912616189141699,,,,,,,,,,,,,,,,,,,
188.0,2.5741154863040417e-05,9.162926004658683,5.405865238087598e-12,0.04452933831815155,0.6261996989474686,0.42240234962694595,0.7718015437555966,0.8160514106554684,0.8714032906244616,-0.0008478707918530445,0.005002226502604906,0.0037640957185157893,0.007484798050388513,0.016834200085137592,,,,,,,,,,,,,,,,,,,
189.0,2.369932797587196e-05,9.162923828120498,5.436135200268051e-12,0.044529207488415865,0.6325017435782252,0.43069828029322044,0.7816865839849235,0.8190024798146817,0.9278041277526666,-0.0005833521311588376,0.0048331178618925075,0.003570601666396539,0.006596787537229029,0.024770623083789158,0.9999815384496904,0.9999815384496904,1.8623295672380192e-06,20.0,4096.0,6.25e-05,0.2083852306101502,0.044062660045134816,1.0,nan,2000.0,1e-07,0.017897559652542472,2.3182239965664464,0.36747123235726714,4096.0,0.6199927415147721,0.333743883908196,64.0
190.0,2.438232362993214e-05,9.16292161621838,5.430937481643498e-12,0.04452908187226161,0.6282641216689752,0.4244755586330095,0.7700683374694332,0.8104122664243627,0.8740211115757329,-0.0007624263680576563,0.004878629896110438,0.00341761979328197,0.007069815310387026,0.02206429523099664,,,,,,,,,,,,,,,,,,,
191.0,2.468936625291083e-05,9.162919340431323,5.457232716141728e-12,0.04452894841831212,0.6297092892206111,0.42630938203681784,0.7687151125255391,0.8165822234642963,0.9064866062072882,-0.000734545873213404,0.00491424547749255,0.0035323421139758187,0.0068896692295897875,0.016248031510787173,,,,,,,,,,,,,,,,,,,
192.0,2.4792032253356167e-05,9.162917315346201,5.456459101218875e-12,0.04452882343839719,0.6302085754542321,0.42722876690487366,0.7780751490765903,0.8228669086874678,0.8951257441728406,-0.0009405091889437691,0.0048895270444970955,0.0034656546612106477,0.006413004598979211,0.01849657765654686,,,,,,,,,,,,,,,,,,,
193.0,2.3328153098534106e-05,9.16291503779885,5.52412042742437e-12,0.0445286993379129,0.6282014937460603,0.4249802686488463,0.7707618222195656,0.8289777448361685,0.9029840759922741,-0.0008133615349672491,0.004760944875964206,0.003606218345813007,0.006645345761590638,0.02794008953755245,,,,,,,,,,,,,,,,,,,
194.0,2.4103250534124367e-05,9.162912553178522,5.5701150007992625e-12,0.04452857068831757,0.6338861142466066,0.43216241291495977,0.7717947689314495,0.8105948724613952,0.9005634543609502,-0.0008094100321689665,0.004842324435015544,0.0036789464959290103,0.00629642287749785,0.023078682694352568,0.999979960050472,0.999979960050472,3.845183840599209e-06,20.0,4096.0,6.25e-05,0.20202146259473008,0.0,0.0,nan,2000.0,1e-07,0.02532683609529307,2.32929174095171,0.5136649750872295,4096.0,0.6199927415153732,0.3335308521144785,64.0
195.0,2.5408417275429353e-05,9.162910080339802,5.586082983369987e-12,0.04452844106204348,0.6329859673006313,0.4310200427325623,0.7822280689991341,0.8291164397383237,0.8725024738695651,-0.000825488655193328,0.004972623628988672,0.003774069682902228,0.00652634903478319,0.02262646887561669,,,,,,,,,,,,,,,,,,,
196.0,2.5339247619885584e-05,9.162907669780878,5.5977513895321615e-12,0.04452831075104506,0.6305997502069315,0.4270575804238076,0.7709053880250458,0.8167762584051895,0.8737133708908893,-0.0010265713889435026,0.004928021794116599,0.0031982136283182283,0.006228631585045843,0.02129958837040041,,,,,,,,,,,,,,,,,,,
197.0,2.344720910230233e-05,9.162905394479969,5.622832023912094e-12,0.044528190077966934,0.6260840043877374,0.42143538884220905,0.7680234112330135,0.8119432599927677,0.8609666595670611,-0.0006970436536929356,0.004791799165986481,0.0037759228949786868,0.006399851756260188,0.023873659849736804,,,,,,,,,,,,,,,,,,,
198.0,2.417105038788062e-05,9.162903344273987,5.615949192442912e-12,0.044528069283686446,0.6293423902562776,0.4260911906153472,0.7748472378440535,0.8217612278028842,0.8794462534366333,-0.000744672130646531,0.004859682479927982,0.003587972659003845,0.0068170271061341065,0.02611628555197673,,,,,,,,,,,,,,,,,,,
199.0,2.5845054969144153e-05,9.162900667105072,5.6464698391279845e-12,0.04452793377956124,0.6336969458531901,0.4315110109203475,0.7832963561631564,0.8222555777459094,0.9023783696061667,-0.0008894309779199695,0.005005393841113852,0.003524334460135199,0.007015575601724665,0.023761254528563227,0.9999816846211315,0.9999816846211315,2.60785662730531e-06,20.0,4096.0,6.25e-05,0.19571061575566048,0.04351004016312067,1.0,nan,2000.0,1e-07,0.02398298613006955,2.3555507712843884,0.5385833467350175,4096.0,0.6199927415158553,0.33389826757098695,64.0
